fish_code,species_code,id,sci_name,group,site,dist_cat,pub.name,continous.pressure.2km,wgt_g,tot_len_mm,std_len_mm,isotope,n_inj,Ala_SD,Ala,Gly_SD,Gly,Thr_SD,Thr,Ser_SD,Ser,Val_SD,Val,Leu_SD,Leu,Ile_SD,Ile,Pro_SD,Pro,Asp_SD,Asp,Met_SD,Met,Glu_SD,Glu,Phe_SD,Phe,Lys_SD,Lys,Arg_SD,Arg,Tr_SD,Tr_avg,Sr_SD,Sr_avg
CU1,CU,KIF11_335,Cephalopholis urodeta,GC,10,Very Low,VL6,0,27.1,114.9,94.1,d15N,3,0.361262139,22.64953712,0.845553665,1.7266174,0.276306593,-22.10370411,0.142075098,2.433115075,0.418304913,21.44008181,0.265739221,20.95469786,0.400977555,20.33423584,0.09531002,18.93305605,0.132824446,17.65177484,0.594007015,8.610638656,0.09042308,22.20295253,0.4759016,3.102812435,0.237716217,5.289646217,0.357774137,6.946458648,0.252120196,20.59519086,0.356808909,4.196229326
LB4,LB,KIF11_225,Lutjanus bohar,Pi,10,Very Low,VL6,0,294.5,268,205,d15N,3,0.485835462,23.71574133,0.082000597,-1.731469027,0.084667313,-24.99054502,0.143008599,3.277016287,0.070223625,25.25179545,0.098402861,24.73358395,0.137143014,24.28801972,0.188368134,20.69320299,0.174113169,18.86087072,0.375764089,10.59009226,0.025094606,24.23483348,0.33818902,2.920772157,0.064314293,4.617983455,0.146229257,7.143962755,0.16845441,23.11114966,0.201251657,3.769377806
CU2,CU,CEPURO026,Cephalopholis urodeta,GC,10,Very Low,VL6,0,51,155,123,d15N,3,0.648763696,26.45653712,0.930365699,2.641950733,0.297420578,-25.00603745,0.596828563,4.390448408,0.212095104,25.39174847,0.088692352,23.80669786,0.466328568,24.84890251,0.298523589,20.87738938,0.162284729,20.92477484,0.721299522,10.98397199,0.342381853,26.22328586,0.573917532,4.652812435,0.170418113,7.093312884,0.859512847,9.082458648,0.317009984,24.07561943,0.372167823,5.87306266
LB5,LB,KIF11_344,Lutjanus bohar,Pi,10,Very Low,VL6,0,176.9,234,184,d15N,3,0.164270868,23.87571215,0.203074899,-1.275518473,0.098262881,-24.50790014,0.389728349,3.362287035,0.196684768,24.64714471,0.022417634,24.11032555,0.21689688,23.78384465,0.424422177,20.71118516,0.218817924,18.47120934,0.207606455,10.73840686,0.296480042,24.18916425,0.382783443,1.935507219,0.051674544,4.625728659,0.452729966,7.192907285,0.219998613,22.82694083,0.217228994,3.280617939
LB17,LB,KIF12_313,Lutjanus bohar,Pi,15,Very Low,VL1,0,3178,698,494,d15N,3,0.175012381,28.63010379,0.261367557,1.1303174,0.36669106,-28.00877078,0.781461665,5.482948408,0.455474478,27.99153181,0.226451614,26.85338119,0.392671619,27.21488584,0.470620867,23.71980605,0.157214291,23.11990817,0.936248008,14.05393866,0.233777672,25.2628692,0.208524179,5.804995768,0.240002778,6.132812884,0.386189504,9.859408648,0.301603275,26.11321229,0.224263479,5.968904326
AF9,AF,KIF12_253,Aphareus furca,Pi,15,Very Low,VL1,0,220,290,215.02,d15N,3,0.132136162,25.44672741,0.070645903,0.015194839,0.114763653,-23.53238774,0.09316622,4.761808051,0.138530241,24.13026925,0.144769447,23.03499589,0.169795863,23.73545337,0.21425153,19.12078869,0.152913818,18.51825929,0.28517894,9.225243788,0.125229028,23.44140237,0.296876004,2.404595327,0.19798628,5.065935822,0.455111244,7.97733625,0.153946584,22.48969947,0.247431142,3.735265575
AF12,AF,KIF12_316,Aphareus furca,Pi,15,Very Low,VL1,0,230,285,214.1,d15N,3,0.608472015,23.83573791,0.136038177,-0.58946214,0.149900228,-23.34899303,0.308688149,4.611159872,0.364122114,24.56137259,0.309959986,23.98633689,0.41621941,23.68068488,0.222965775,19.79849295,0.136545699,18.40458881,0.105769094,10.21497204,0.137606123,23.94810143,0.415878179,2.423933505,0.161783775,4.798257833,0.22674216,6.611935952,0.313698732,22.60218792,0.288830977,3.611095669
CM7,CM,KIF12_248,Caranx melampygus,Pi,15,Very Low,VL1,0,2043,573,498,d15N,3,0.462700553,26.53661761,0.122032334,-3.842907605,0.064835844,-29.63090905,0.241391749,1.048085774,0.212019395,27.08347699,0.084553114,25.79230953,0.235965555,25.88670286,0.173205696,20.07340193,0.058781549,20.35465073,0.378088557,9.726497983,0.056402783,26.05306049,0.279641791,3.171997106,0.063041091,5.216510248,NA,NA,0.183375521,24.54003145,0.171341441,4.194253677
CM9,CM,KIF12_311,Caranx melampygus,Pi,15,Very Low,VL1,0,2133.8,586,496,d15N,3,0.313506648,27.11552357,0.189227667,-3.941643653,0.092315768,-30.374851,0.175905484,1.002959097,0.201667494,27.32760669,0.154367858,26.0483108,0.190437963,26.3376535,0.277519342,20.22129997,0.080550229,20.33905412,0.563653106,9.850515535,0.117202906,25.99123374,0.265386415,3.419377929,0.086159144,4.974081283,NA,NA,0.190750349,24.76866891,0.17577278,4.196729606
LF12,LF,LUTFUL014,Lutjanus fulvus,GC,15,Very Low,VL1,0,212,223,171,d15N,3,0.120449159,24.10262046,0.203774385,3.9336174,0.231156513,-16.56612078,0.43372841,5.034698408,0.313104349,25.92024847,0.353189751,25.25111452,0.118339906,23.96706918,0.73307594,22.11997271,0.543739827,22.1719415,0.640886885,14.97822199,0.342430042,26.54428586,0.667139416,8.327479101,0.441906476,8.715312884,0.265255223,11.70562532,0.360618425,24.29675039,0.554522946,8.521395993
CA7,CA,CEPARG008,Cephalopholis argus,Pi,15,Very Low,VL1,0,898,383,315,d15N,3,0.177690773,28.1749101,0.17887354,1.875202004,0.046832962,-27.8725412,0.228490778,5.671616505,0.107368734,28.50972394,0.03280824,27.95414221,0.332203101,28.1705357,0.332153661,23.32123312,0.131440724,23.70437348,0.433206391,13.72804783,0.198027798,28.23887092,0.140455072,6.457254061,0.018931916,6.663172992,0.159006833,9.735624321,0.187384719,26.86768421,0.079693494,6.560213527
CU15,CU,KIF11_277,Cephalopholis urodeta,GC,15,Very Low,VL1,0,57.5,142,115,d15N,3,0.11757976,26.88587046,1.300455433,1.601950733,0.391583112,-20.41912078,0.633768359,6.418865075,0.846900821,25.33733181,0.304093736,23.83911452,0.17558189,22.41148584,0.331429228,19.96838938,0.424272318,19.8431915,0.298312476,9.894138656,0.088460914,24.15378586,0.0521664,4.526062435,0.07446028,6.09222955,NA,NA,0.326902667,23.20559562,0.06331334,5.309145993
LB14,LB,LUTBOH014,Lutjanus bohar,Pi,15,Very Low,VL1,0,870,374,304,d15N,3,0.268451031,26.76539568,0.076582618,-1.355828422,0.207103368,-27.40123012,0.285407161,4.721362769,0.209978243,27.38398938,0.267537798,27.38071941,0.544494298,26.43873516,0.312494606,24.18138313,0.254677399,21.12268836,0.475385171,12.75113544,0.059080105,26.83283603,0.109652819,4.542133577,0.043566774,6.571798777,0.244254705,10.50258546,0.273816211,25.72939245,0.076609797,5.556966177
AF11,AF,KIF12_254,Aphareus furca,Pi,15,Very Low,VL1,0,230,271,218,d15N,3,0.318666599,24.00139075,0.172102718,-0.795195734,0.379354213,-23.54488363,0.129310746,5.134999686,0.144521049,24.72699683,0.125152639,23.74641169,0.39314046,23.43532656,0.132682803,19.08802048,0.172834674,18.49440619,0.141553792,9.686384094,0.157558977,23.61152486,0.291314494,2.281476765,0.090790522,4.599738556,0.442156784,6.528662484,0.206365314,22.44343962,0.191052508,3.440607661
CM10,CM,KIF12_312,Caranx melampygus,Pi,15,Very Low,VL1,0,3722.8,720,595,d15N,3,0.366582838,26.33662047,0.161253577,-5.016715924,0.102106763,-30.17516737,0.034597781,0.995640219,0.050634279,27.62563892,0.207060023,26.76055503,0.125271387,26.07139857,0.330327907,21.14100177,0.102588262,20.58307966,0.107087514,10.76872013,0.304419765,26.31576121,0.210344352,3.296915191,0.094562143,5.090651016,NA,NA,0.212412066,24.97629366,0.152453248,4.193783104
CU5,CU,KIF12_259,Cephalopholis urodeta,GC,15,Very Low,VL1,0,111.6,188,155,d15N,3,0.36137838,26.24870379,0.081682311,1.7821174,0.539716901,-22.84270411,0.275594509,4.630948408,0.291386913,24.98699847,0.080541915,24.49078119,0.872820906,24.40448584,0.62162234,19.54647271,0.147986486,20.78977484,0.315025925,10.99080532,0.374745692,24.96953586,0.10861553,4.137729101,0.111253464,5.979146217,0,NA,0.39292609,23.63382181,0.109934497,5.058437659
CM8,CM,KIF12_249,Caranx melampygus,Pi,15,Very Low,VL1,0,1362,510,415,d15N,3,0.429142259,25.32412327,0.463922802,-2.553649226,0.018051889,-28.66112044,0.178959043,1.613146481,0.050928443,27.25880789,0.328786947,26.12872701,0.378179241,25.94246962,0.340776972,19.44695803,0.102478679,20.10669781,0.720810848,9.914374884,0.490806754,25.80980832,0.274288761,3.348385867,0.051503299,5.007685018,NA,NA,0.303014185,24.28822742,0.16289603,4.178035443
CU12,CU,KIF11_212,Cephalopholis urodeta,GC,15,Very Low,VL1,0,98,176,145,d15N,3,0.263646228,26.50910379,0.358799851,1.319450733,0.505286387,-21.70110411,0.421411913,4.803681742,0.461289497,25.62073181,0.069202601,25.28831452,0.707849089,25.29241918,0.326500128,20.64973938,0.311407022,21.20270817,0.497000335,11.08213866,0.225287224,25.13953586,0.377925919,5.055129101,0.190291881,6.745746217,0.287406217,9.075625315,0.337883113,24.24322182,0.2841089,5.900437659
AF13,AF,KIF12_370,Aphareus furca,Pi,15,Very Low,VL1,0,270,273,204,d15N,3,0.156811037,24.22891853,0.057565713,-1.22900644,0.309393946,-23.52891619,0.063925513,4.532873617,0.121183908,24.35884715,0.135942362,23.61823453,0.4941447,23.22055676,0.089083173,19.1933598,0.083017118,18.40383528,0.214851345,9.626186527,0.077809629,23.61129622,0.26725381,2.05437387,0.039306362,4.847224692,0.324516648,6.504372281,0.165427418,22.37643547,0.153280086,3.450799281
LB13,LB,LUTBOH013,Lutjanus bohar,Pi,15,Very Low,VL1,0,350,282,211,d15N,3,0.174430003,25.50136191,0.174458256,0.628976489,0.003275847,-23.75111489,0.374380249,6.072051048,0.121605233,26.48071847,0.115547164,26.09385426,0.047976263,25.50232181,0.39813211,21.69313294,0.398175844,20.14377726,0.032182223,12.04862027,0.092766063,25.91719797,0.208645938,4.24110827,0.209635096,6.774445672,0.195638923,10.15514182,0.192661811,24.47605209,0.209140517,5.507776971
CA8,CA,CEPARG011,Cephalopholis argus,Pi,15,Very Low,VL1,0,574,343,283,d15N,3,0.192158212,28.45381478,0.053487688,2.863089151,0.290067667,-23.48983848,0.157834903,6.272943849,0.222612009,27.17312662,0.101608664,27.26297975,0.457467702,26.83961499,0.208496461,22.88804326,0.27752409,23.49893171,0.219897836,13.11119963,0.23177456,27.33970674,0.307510106,6.763983108,0.087063811,7.563204759,0.352688379,10.04478686,0.2416631,26.20803112,0.197286959,7.163593934
CA9,CA,CEPARG028,Cephalopholis argus,Pi,16,Very Low,VL11,0,939,393,334,d15N,3,0.414836846,29.16591168,0.656445603,1.51653412,0.30772873,-27.22837075,0.477301783,5.373493117,0.303122103,28.19852595,0.186813663,28.01188018,0.567900313,28.01392242,0.161557305,23.00849331,0.175770727,23.33275628,0.291554427,13.45054673,0.107915034,28.16542401,0.233879447,6.192267603,0.176059562,6.537441309,NA,NA,0.273987999,26.84241626,0.204969505,6.364854456
AF8,AF,KIF12_192,Aphareus furca,Pi,19,Very Low,VL2,0,210,271,209,d15N,3,0.380306111,24.88880119,0.250188187,-0.507472711,0.20397541,-23.47753185,0.247994558,5.062569875,0.076344315,24.3143109,0.118263147,23.22567136,0.328805403,23.015933,0.358296298,19.70930646,0.113892808,18.43477911,0.439734484,9.103514893,0.232828145,23.17884945,0.129798165,2.223718066,0.065643147,4.877679866,0.374827825,7.644970377,0.229819461,22.39537878,0.097720656,3.550698966
AF7,AF,KIF12_187,Aphareus furca,Pi,19,Very Low,VL2,0,275,281,215.01,d15N,3,0.411187201,23.5395046,0.212260147,-0.655535677,0.176085548,-23.4218694,0.195809025,4.61680504,0.30286288,24.18990773,0.126108901,23.23693156,0.459613898,23.58519052,0.270735191,18.94287224,0.12405659,18.64069144,0.371890987,8.814516282,0.385471181,23.61186168,0.335220906,2.849676574,0.130728323,5.103791857,NA,NA,0.297147977,22.24956568,0.232974615,3.976734216
CM6,CM,KIF12_197,Caranx melampygus,Pi,19,Very Low,VL2,0,1980,530,445,d15N,3,0.447047772,25.52701745,0.089035256,-3.760565265,0.138341513,-29.4323397,0.143556217,0.736575307,0.096105944,27.12576099,0.215520163,25.44644402,0.221879248,25.97748747,0.239879501,20.01232395,0.107152437,19.86313542,0.105864962,9.594207039,0.247397712,25.67208635,0.279004836,3.502934296,0.026474803,5.098496488,NA,NA,0.22499754,24.23203652,0.15273982,4.300715392
LB9,LB,KIF12_190,Lutjanus bohar,Pi,19,Very Low,VL2,0,360,330,255,d15N,3,0.466616802,24.70590626,0.413604719,-0.437484062,0.215664143,-24.24198779,0.172524049,4.304454694,0.495551979,26.1785286,0.324248524,25.08892127,0.443685213,25.45478286,0.528463577,19.96026629,0.363339455,19.68929247,0.332753135,12.18255029,0.369459555,24.97041628,0.328026367,4.294654528,0.134708713,5.450786565,0.424178997,7.978097411,0.427337872,23.72115915,0.23136754,4.872720547
LB16,LB,KIF11_101,Lutjanus bohar,Pi,19,Very Low,VL2,0,2420,530,455,d15N,3,0.068942005,29.89577046,0.165726683,1.378650733,0.256976653,-26.57243745,0.324112635,6.354281742,0.425441339,28.68186514,0.305179182,27.75338119,0.319728531,27.19121918,0.392500106,24.22347271,0.109769455,23.09157484,0.264932067,15.40827199,0.093050166,26.08420253,0.462666547,6.885662435,0.09529603,7.245812884,0.343802754,10.55840865,0.244944398,26.70306944,0.278981289,7.06573766
CA11,CA,CEPARG121,Cephalopholis argus,Pi,19,Very Low,VL2,0,758,375,312,d15N,3,0.165631432,27.65935467,0.105582118,0.953442188,0.243834472,-26.53789646,0.405421934,5.542287939,0.368468891,28.31470768,0.43549919,27.74156156,0.24907371,27.37741096,0.32166718,22.98562134,0.235896419,23.55911737,0.661593632,12.53337997,0.239049528,27.70339856,0.530069238,5.520616386,0.112219617,6.678906788,0.403436366,10.09503142,0.28789805,26.47731031,0.321144428,6.099761587
CA13,CA,CEPARG160,Cephalopholis argus,Pi,19,Very Low,VL2,0,749,362,299,d15N,3,0.114380674,28.73068988,0.124643597,0.898240155,0.194659471,-26.31595504,0.271306531,5.455695583,0.145456974,28.67484209,0.162814728,28.18305019,0.139385567,28.50458915,0.480162651,22.92039471,0.053207688,24.15088527,0.322857406,13.37961213,0.198170506,28.36292607,0.374435411,6.153848203,0.218338354,7.144024118,NA,6.811403588,0.18479697,27.07533962,0.296386883,6.648936161
CA2,CA,CEPARG056,Cephalopholis argus,Pi,27,Very High,VH1,7276,486,295,244,d15N,3,0.028912899,29.39907652,0.212767015,0.072931234,0.101105512,-23.54856969,0.140216552,6.180064075,0.389769005,27.61848699,0.095020895,26.78525932,0.788973062,27.28705416,0.289202204,23.1207357,0.172709388,22.69756812,0.505405105,12.01389257,0.071522367,27.41797923,0.212219073,5.49612289,0.125361173,7.206936294,NA,NA,0.262301403,26.33230858,0.168790123,6.351529592
CA6,CA,KIF11_118,Cephalopholis argus,Pi,27,Very High,VH1,7276,839.2,363,302,d15N,3,0.46178532,31.67604427,0.15200784,2.562212256,0.159327975,-21.12934728,0.31955664,6.991463945,0.191930448,28.29220893,0.190684401,27.95951318,0.240621737,28.29025881,0.311846591,23.6067451,0.227326267,24.29686641,0.417944451,13.5545288,0.052115213,28.35515614,0.179458513,7.642070136,0.084498337,8.49468665,NA,NA,0.239472854,27.49668469,0.131978425,8.068378393
CA14,CA,KIF11_128,Cephalopholis argus,Pi,27,Very High,VH1,7276,518.4,320,265,d15N,3,0.20894435,25.81813205,0.157425167,2.115960357,0.169704037,-23.83733042,0.221720972,5.953147545,0.176826071,26.77412744,0.235346605,26.21211253,0.794201458,25.40795617,0.125070984,22.78981426,0.013828071,21.67200499,0.406804385,12.08877771,0.319788978,27.03117858,0.151748281,5.02586582,0.215521582,6.753493186,0.242661644,9.691296841,0.267715217,25.10076086,0.183634932,5.889679503
CM5,CM,KIF11_171,Caranx melampygus,Pi,27,Very High,VH1,7276,1054.9,415,320,d15N,3,0.276217469,25.71035966,0.194709047,3.388890254,0.199576569,-18.29045559,0.244004985,5.921771664,0.073758018,26.89381926,0.142480351,26.10367392,0.285636397,26.70693219,0.24973586,19.23002359,0.001613387,20.48277929,0.155574435,11.2309929,0.253044491,26.12191744,0.104283254,4.593272719,0.153690369,6.949201289,NA,NA,0.183212282,24.46421505,0.128986812,5.771237004
CA15,CA,KIF11_162,Cephalopholis argus,Pi,27,Very High,VH1,7276,663,323,265.01,d15N,3,0.402064278,27.16096484,0.061413207,3.096936418,0.19393434,-21.86715635,0.208483464,6.790269817,0.078625567,27.79810508,0.246212943,27.21990134,0.692154112,26.70203592,0.454508084,23.43167801,0.307118227,23.08420401,0.231649175,12.87059661,0.114958449,27.69278847,0.261914172,6.013215517,0.051210859,8.105319324,0.267577116,10.79342882,0.327948809,26.15566824,0.156562516,7.059267421
CM4,CM,KIF11_050,Caranx melampygus,Pi,27,Very High,VH1,7276,263.3,272,223,d15N,3,0.578316755,22.15109278,0.084018639,-1.187426299,0.310839815,-19.78836572,0.228836458,2.412544907,0.054490895,22.71946867,0.090093323,21.49568978,0.141544351,22.06540622,0.017814652,17.3070789,0.060885422,16.61140231,0.173070796,7.567485166,0.207791584,22.00644603,0.127855302,1.527444296,0.171935894,4.357133446,NA,NA,0.164419569,20.62236924,0.149895598,2.942288871
CU14,CU,CEPURO039,Cephalopholis urodeta,GC,27,Very High,VH1,7276,37,130,109,d15N,3,0.202970441,29.19287046,0.206330641,3.955284067,0.363731128,-18.33512078,0.1713369,9.784865075,0.497753955,25.63233181,0.369238857,24.66044786,0.564590412,23.67515251,0.349050617,21.01072271,0.096015624,21.3101915,0.507719411,11.98647199,0.137218803,26.9581192,0.542884887,5.577729101,0.258784337,7.801562884,NA,NA,0.316691244,24.63426229,0.400834612,6.689645993
CA5,CA,KIF11_051,Cephalopholis argus,Pi,27,Very High,VH1,7276,1193.2,395,335,d15N,3,0.075006954,30.39151079,0.325804141,2.42820851,0.308555149,-23.77538792,0.05591787,6.692613007,0.379219421,28.69512823,0.064578793,27.90741293,0.700008,28.37052869,0.217063758,23.08411265,0.174116838,23.67165787,0.387126071,13.49029745,0.437979292,28.44885929,0.082753139,7.285228248,0.19931923,7.915776462,NA,NA,0.292567579,27.22417292,0.141036185,7.600502355
CU4,CU,CEPURO061,Cephalopholis urodeta,GC,27,Very High,VH1,7276,72.3,152,131,d15N,3,0.544391709,26.31620379,1.281829292,0.284284067,0.174605269,-24.84403745,0.499241758,3.014448408,0.261660722,25.40774847,0.281304106,24.39436452,0.500705835,24.78090251,0.013527749,21.49505605,0.400351512,21.05710817,0.816564143,10.39297199,0.171511904,26.03095253,0.367630702,4.973812435,0.174127348,7.10297955,NA,NA,0.310493362,24.21176229,0.270879025,6.038395993
LF14,LF,LUTFUL062,Lutjanus fulvus,GC,27,Very High,VH1,7276,100.2,195,155,d15N,3,0.26212656,26.62310379,0.419764617,2.976784067,0.827665593,-16.08777078,0.213282286,6.060348408,0.413899746,25.96773181,0.536923024,25.79198119,0.952087706,25.65608584,1.122831688,21.87440605,0.298556527,21.9510415,1.120658884,13.71880532,0.339367549,26.13653586,0.339083077,8.571462435,0.151533275,8.229412884,NA,NA,0.560827543,24.85726943,0.245308176,8.40043766
AF1,AF,KIF12_176,Aphareus furca,Pi,30,Very High,VH3,5085.684783,260,298,215,d15N,3,0.260780203,22.89093725,0.075384883,-2.534908902,0.394981492,-26.27978234,0.60846124,3.471050169,0.328013746,25.4566772,0.151575537,24.90745842,0.233617185,25.45894311,0.20944996,19.49672719,0.212158485,19.81570269,0.2803578,9.277171903,0.363660755,24.5152939,0.340882733,2.599342812,0.132355229,4.811294346,NA,NA,0.251322267,23.22024854,0.236618981,3.705318579
CU11,CU,CEPURO014,Cephalopholis urodeta,GC,30,Very High,VH3,5085.684783,110,186,153,d15N,3,0.121557942,28.49810379,0.242529036,1.434450733,0.110816665,-25.67177078,0.24468415,5.630348408,0.155725185,26.85306514,0.200240689,27.16064786,0.53822517,26.99641918,0.467114904,23.01707271,0.458244476,22.6650415,0.680577941,11.62680532,0.181248448,26.5598692,0.158981131,4.267129101,0.309813385,6.58007955,0.058275209,8.610291982,0.303193831,25.96431705,0.234397258,5.423604326
LB8,LB,KIF12_174,Lutjanus bohar,Pi,30,Very High,VH3,5085.684783,85.6,192,152,d15N,3,0.173133244,24.13088847,0.082326866,5.045303853,0.389087312,-13.991304,0.309557935,7.300899406,0.231431206,24.61089328,0.319485563,24.36387767,0.261838013,23.61848826,0.173996681,20.15333951,0.153178136,19.95149582,0.36447145,11.1786433,0.344019277,24.21330617,0.156233263,5.816905298,0.083912281,7.748090524,0.43115272,9.698383768,0.236726017,23.00604131,0.120072772,6.782497911
LB11,LB,KIF12_130,Lutjanus bohar,Pi,30,Very High,VH3,5085.684783,79,184,144,d15N,3,0.06741274,24.7800067,0.240589603,-1.164756996,0.066236073,-23.10775194,0.068234785,4.004664838,0.186356407,25.12732046,0.192491013,24.94588474,0.521390979,23.64361457,0.31292702,20.98390119,0.196913213,19.25760822,0.35295038,9.642082354,0.06558886,24.62063404,0.090596694,2.627575578,0.074541799,5.664703568,0.770256694,7.354794809,0.220440033,23.3369957,0.082569247,4.146139573
LB12,LB,LUTBOH011,Lutjanus bohar,Pi,30,Very High,VH3,5085.684783,215,253,197,d15N,3,0.212071482,27.29333422,0.189279656,0.145214521,0.212914817,-24.14857379,0.230081228,6.039823678,0.39620712,28.14100173,0.400446265,27.38746057,0.224649413,26.69523866,0.515582085,22.6583309,0.069487029,21.52268389,0.360412751,12.13958314,0.296619828,26.85563434,1.113059948,3.839060886,0.391315209,6.946723811,0.595024911,9.557488669,0.302151889,25.79338347,0.752187579,5.392892349
AF2,AF,KIF12_177,Aphareus furca,Pi,30,Very High,VH3,5085.684783,200,255,202,d15N,3,0.27503464,23.21552068,0.128686805,-2.465840192,0.152866221,-25.62773303,0.194898786,3.615133882,0.21125326,25.47982769,0.213115144,24.57659355,0.280983265,25.14069193,0.299626286,19.98937399,0.118866788,19.73973016,0.251133163,9.219424081,0.511513326,24.72108004,0.62061364,2.029519235,0.095347702,4.649252093,0.370393106,7.054131825,0.272913244,23.26611686,0.357980671,3.339385664
AF3,AF,KIF12_203,Aphareus furca,Pi,30,Very High,VH3,5085.684783,210,251,193,d15N,3,0.467530375,24.49856177,0.282392981,-1.437653209,0.403401362,-25.00081474,0.035565424,4.133687345,0.150724951,25.08350261,0.379257885,24.42556068,0.085651826,24.88107184,0.238635008,19.87704775,0.042955257,19.79583963,0.968581746,8.159971477,0.129793366,24.49956289,0.285703658,2.410932734,0.191471342,4.903365851,NA,NA,0.213506953,23.2944496,0.2385875,3.657149293
CU3,CU,KIF12_345,Cephalopholis urodeta,GC,30,Very High,VH3,5085.684783,13.9,98.2,79.8,d15N,3,0.991094849,22.30887046,1.241653065,2.151950733,0.151158857,-22.11103745,0.850871514,3.261448408,0.281693095,22.00808181,0.354996244,20.87503119,0.422,21.03223584,0.393322175,18.69972271,0.199645519,18.08610817,0.339465757,9.810971989,0.153154606,22.74628586,0.316677017,4.246812435,0.016041613,6.22197955,NA,NA,0.399415213,20.82233372,0.166359315,5.234395993
LF3,LF,LUTFUL008,Lutjanus fulvus,GC,30,Very High,VH3,5085.684783,99,181,133,d15N,3,0.171989341,22.83203712,0.365956282,3.4221174,0.555310124,-14.78870411,0.164793811,4.450615075,0.134656353,23.09566514,0.217488697,22.74544786,0.242275325,22.98948584,0.514343271,17.66280605,0.288486279,18.79510817,0.180622073,10.70780532,0.115140494,22.78153586,0.250425638,4.570062435,0.135949746,5.832146217,0,NA,0.24062568,21.55744086,0.193187692,5.201104326
LB6,LB,KIF12_007,Lutjanus bohar,Pi,30,Very High,VH3,5085.684783,73,180,137,d15N,3,0.305491379,24.70500967,0.125489843,0.54334528,0.090693371,-23.17038073,0.153198628,4.811941371,0.09502905,25.53355864,0.010826657,24.6089653,0.081872584,24.65957424,0.335921511,21.04840092,0.222563874,19.43165114,0.263244898,10.82165604,0.135026487,24.53620092,0.253277583,2.950368025,0.053444677,5.60153949,0.396926294,8.099665698,0.169533077,23.50333726,0.15336113,4.275953758
CU6,CU,KIF12_343,Cephalopholis urodeta,GC,30,Very High,VH3,5085.684783,168.1,218,176,d15N,3,0.159481451,27.96370379,0.119616052,0.6001174,0.075500552,-27.43937078,0.199585404,3.237948408,0.232355331,26.10733181,0.164611664,25.74778119,0.270601798,25.96348584,0.609368799,21.80413938,0.160689141,21.52377484,0.135802553,11.36680532,0.253148178,26.29720253,0.200542597,3.965395768,0.091016482,5.43047955,0,NA,0.264322337,25.05820277,0.14577954,4.697937659
LF11,LF,LUTFUL002,Lutjanus fulvus,GC,30,Very High,VH3,5085.684783,187,245,192,d15N,3,0.152267309,26.67695379,0.410792324,3.497950733,0.38050668,-21.80645411,0.360891951,4.382031742,0.348732467,26.85091514,0.289295696,26.68911452,0.325262971,26.03473584,0.323741152,21.52163938,0.162336071,22.1089415,0.479426046,14.87788866,0.209616316,26.8636192,0.456109636,5.774479101,0.200542597,7.18697955,NA,NA,0.258750283,25.24941705,0.328326117,6.480729326
LB7,LB,KIF12_125,Lutjanus bohar,Pi,30,Very High,VH3,5085.684783,210,274,224,d15N,3,0.138545576,25.49443341,0.421106805,-0.887475207,0.08739765,-26.39445456,0.144648904,4.122768505,0.152363188,26.3503413,0.126573821,25.58322809,0.80215672,24.84949086,0.44119332,21.3008355,0.105322927,19.68672092,0.340767901,12.08564925,0.086541033,25.33085478,0.489124699,3.519962845,0.070141417,5.527003716,0.199122258,8.150488103,0.264670941,24.08512927,0.279633058,4.523483281
LF5,LF,LUTFUL038,Lutjanus fulvus,GC,30,Very High,VH3,5085.684783,298,269,213,d15N,3,0.509076615,28.82737046,0.191013961,1.523784067,0.421184441,-22.65337078,0.162967277,4.898948408,0.166196671,28.28966514,0.07751344,27.65644786,0.304398314,28.40081918,0.764813921,21.47947271,0.087271607,22.57610817,0.679057435,14.07847199,0.311467494,27.62620253,0.112280898,5.961062435,0.232987124,7.33347955,0.72888888,9.583541982,0.317248295,26.40801229,0.172634011,6.647270993
LF4,LF,LUTFUL039,Lutjanus fulvus,GC,30,Very High,VH3,5085.684783,172,218,169,d15N,3,0.492997295,27.37203712,0.301144484,2.4711174,0.099684502,-21.02703745,0.043661577,5.079948408,0.223395016,26.84699847,0.108891383,26.49011452,0.231806672,27.58548584,0.337773593,20.39880605,0.234508706,21.43910817,0.708497942,12.89180532,0.138261829,26.5878692,0.088669799,5.553395768,0.146432009,6.896146217,0.373304612,8.807208648,0.252519213,25.2457742,0.117550904,6.224770993
CA10,CA,CEPARG130,Cephalopholis argus,Pi,34,Medium,M3,1212.82819,676,336,274.01,d15N,3,0.192259916,27.82939422,0.267013869,2.714630828,0.230978353,-25.37142657,0.051032522,6.568012712,0.174815652,27.73974091,0.078489508,27.12848517,0.285511583,27.12359902,0.049449075,22.90374663,0.181013328,23.12765593,0.186009274,13.35354424,0.118482047,27.53956066,0.089658305,5.830149055,0.068380418,7.468988767,NA,NA,0.15428873,26.19888322,0.079019362,6.649568911
LB1,LB,KIF11_018,Lutjanus bohar,Pi,34,Medium,M3,1212.82819,91.1,178,140,d15N,3,0.348336632,23.7634057,0.046013652,0.474374803,0.070389162,-22.96871868,0.207542477,4.364817837,0.013481341,22.94960748,0.146989374,22.56503383,0.314030814,22.26756567,0.297726564,20.1816912,0.074683742,18.04687677,0.463994809,9.888343309,0.126499899,22.85687777,0.137001265,2.312891306,0.239546295,5.116441035,0.124119634,7.098898235,0.188821195,21.80443692,0.18827378,3.714666171
LF13,LF,LUTFUL055,Lutjanus fulvus,GC,34,Medium,M3,1212.82819,157.4,226,187,d15N,3,0.149017896,25.84343712,0.236593181,1.637450733,0.474441075,-23.21977078,0.462524954,3.496015075,0.417392301,25.16506514,0.320409634,24.91664786,1.363896746,25.10775251,0.280667656,21.79373938,0.329563853,20.46137484,0.803203793,12.48113866,0.085189984,24.93220253,0.31441533,5.494129101,0.039962482,6.324746217,0.758840563,9.635291982,0.420876867,24.03145991,0.177188906,5.909437659
LF7,LF,LUTFUL001,Lutjanus fulvus,GC,34,Medium,M3,1212.82819,150,203,158,d15N,3,0.184399024,23.69777046,0.076008771,1.845984067,0.057977007,-18.78110411,0.104,2.388281742,0.249548259,23.38786514,0.339388175,22.13738119,0.415273404,20.92388584,0.165228125,18.52213938,0.429556748,18.5002415,0.755768042,11.29160532,0.386835021,21.90320253,0.545010397,4.866995768,0.112072893,4.717812884,0.261878471,7.383408648,0.310032679,21.29606943,0.328541645,4.792404326
LF10,LF,LUTFUL005,Lutjanus fulvus,GC,35,Medium,M2,1212.82819,287,254,194,d15N,3,0.131804148,27.22828712,0.17878199,3.2286174,0.2921438,-23.18278745,0.276105656,3.092365075,0.428729907,27.36724847,0.535027414,27.91278119,0.351080238,27.73806918,0.365164803,23.01163938,0.112583302,22.7169415,0.501463192,15.08655532,0.067002488,27.61595253,0.368354901,6.574812435,0.197500211,7.555312884,NA,NA,0.284484614,26.2272742,0.282927556,7.06506266
LB2,LB,KIF11_025,Lutjanus bohar,Pi,35,Medium,M2,1212.82819,110.6,189,149,d15N,3,0.117097822,24.56954007,0.165625616,-0.275437492,0.194825097,-22.54501749,0.164501835,3.922015284,0.082106461,24.28469466,0.132185176,23.71780554,0.343354468,23.22532545,0.162107937,20.38704908,0.092618043,18.66301062,0.095631646,9.897295402,0.088967953,23.5551692,0.177201573,2.196957985,0.100015331,5.22516269,0.181490713,7.18733399,0.145491123,22.62894209,0.138608452,3.711060338
LF9,LF,LUTFUL053,Lutjanus fulvus,GC,35,Medium,M2,1212.82819,277,275,215,d15N,3,0.197930122,26.85310379,0.159009434,5.0013174,0.767509175,-20.85477078,0.233617208,5.553281742,0.190662879,27.20086514,0.431215723,26.52371452,0.499464046,26.04855251,0.293209822,23.08080605,0.353442122,22.34357484,0.348198698,14.11360532,0.227588078,26.32120253,0.261519279,7.571995768,0.1628138,7.588812884,0.344500121,10.95307532,0.31335897,25.48168848,0.21216654,7.580404326
CU8,CU,KIF11_497,Cephalopholis urodeta,GC,35,Medium,M2,1212.82819,77.5,157.2,128.7,d15N,3,0.164001016,25.36995379,0.034698703,1.9816174,0.3986682,-24.09412078,0.194,4.470031742,0.327422255,23.99491514,0.230369992,23.84778119,0.40404084,22.73673584,0.302119182,22.04230605,0.315704503,20.52560817,0.461208196,11.46822199,0.218646595,25.58628586,0.364596124,3.602145768,0.112251206,6.366312884,0.545309392,8.042625315,0.280329198,23.44336943,0.238423665,4.984229326
CA4,CA,CEPARG099,Cephalopholis argus,Pi,35,Medium,M2,1212.82819,705,352,294,d15N,3,0.07315728,29.53731769,0.139209895,1.115340464,0.031583893,-21.67186689,0.364117296,6.444634719,0.226001648,27.6021532,0.147409856,26.8754064,0.295245392,27.62678968,0.053395514,22.11262949,0.252707437,22.90297322,0.360453859,12.34664382,0.333085147,27.426069,0.09037821,6.676133089,0.239762513,7.619806284,NA,NA,0.197286039,26.29761981,0.165070362,7.147969687
CU10,CU,CEPURO027,Cephalopholis urodeta,GC,35,Medium,M2,1212.82819,96,184,147,d15N,3,0.125821302,27.24777046,0.023288051,1.877784067,0.488883422,-23.56143745,0.314948144,5.380015075,0.35848152,26.47673181,0.200642302,25.95798119,0.991893307,25.43941918,0.549517364,22.75307271,0.106451867,21.5370415,0.2749406,12.40913866,0.155500268,27.80120253,0.638411309,4.635129101,0.298523589,6.695412884,0.313507576,8.722291982,0.355472561,25.3161742,0.468467449,5.665270993
CU9,CU,CEPURO024,Cephalopholis urodeta,GC,35,Medium,M2,1212.82819,162,214,174,d15N,3,0.209213607,26.98495379,0.355160527,1.3406174,0.444075444,-26.47978745,0.432112254,3.345031742,0.308,25.97558181,0.350007619,26.77944786,0.25575444,25.68706918,0.118579088,22.28530605,0.255010457,22.02327484,0.249837947,12.31222199,0.104710713,27.27828586,0.488371785,3.917479101,0.30857144,6.05797955,NA,NA,0.228753703,25.28770277,0.398471613,4.987729326
CA3,CA,CEPARG096,Cephalopholis argus,Pi,35,Medium,M2,1212.82819,644,335,274,d15N,3,0.084486198,29.72429805,0.104851208,0.364418503,0.054541419,-24.67975442,0.271354204,5.596380534,0.1203402,27.62301522,0.078375679,26.65571371,0.228541607,27.51618951,0.204791457,23.06549352,0.102996448,22.50477195,0.237614263,12.55838854,0.231763264,27.32423276,0.315020948,5.552914965,0.034065648,6.958596346,NA,NA,0.150184979,26.34481639,0.174543298,6.255755656
CA12,CA,CEPARG156,Cephalopholis argus,Pi,35,Medium,M2,1212.82819,946,364,303,d15N,3,0.345140591,27.74218428,0.122715597,2.139110482,0.286542407,-26.26072993,0.155746365,6.307514369,0.22965735,28.16252056,0.309315639,27.54190079,0.385200243,26.66263233,0.304688936,22.84908828,0.108408613,22.80045896,0.172178139,12.29176154,0.083624611,27.72911373,0.097213869,5.516423764,0.194361556,6.825752048,1.782174455,9.365550141,0.252290855,26.21255699,0.145787713,6.171087906
AF5,AF,KIF12_238,Aphareus furca,Pi,8,Medium,M1,1212.82819,500,372,284,d15N,3,0.235686707,26.50207692,0.048804483,-1.401722321,0.176086449,-27.93942474,0.151839548,3.653541609,0.131980687,27.21054312,0.038090334,26.31868447,0.158390109,26.29169237,0.549534007,20.88372722,0.105641219,20.92047198,0.25621968,10.08988474,0.115602387,25.93402464,0.446662166,3.176112691,0.232564516,5.25467863,NA,NA,0.190703636,24.86588867,0.339613341,4.215395661
AF6,AF,KIF12_239,Aphareus furca,Pi,8,Medium,M1,1212.82819,640,402,304,d15N,3,0.169752549,26.44189426,0.208314525,-2.035004615,0.437505463,-28.52155005,0.324137016,2.955684288,0.238131574,27.25446487,0.116392809,26.31219796,0.291569696,26.91586942,0.666710237,21.14569609,0.353510746,20.64611746,0.296736331,9.409129653,0.102768565,25.72335297,0.316208118,3.068283482,0.150853062,4.850423945,NA,NA,0.276976597,24.91994186,0.23353059,3.959353714
CU13,CU,CEPURO030,Cephalopholis urodeta,GC,8,Medium,M1,1212.82819,44,140,116,d15N,3,0.356966852,28.88853712,0.448290456,1.780950733,0.300013889,-24.38945411,0.323002064,7.366865075,0.347379236,26.19499847,0.45204572,25.80878119,0.882754968,24.42415251,0.352829987,21.60305605,0.598845834,21.83152484,0.339770511,10.11447199,0.348375277,27.74578586,0.340077932,5.788729101,0.117933597,7.00122955,NA,NA,0.477028268,25.21383372,0.229005765,6.394979326
CM2,CM,KIF12_232,Caranx melampygus,Pi,8,Medium,M1,1212.82819,1816,550,460,d15N,3,0.103483717,27.52045025,0.22215017,-1.633963671,0.158690275,-27.73639658,0.16810088,3.714000782,0.048334262,28.06770243,0.03742225,27.34311959,0.334250336,27.22296366,0.475822942,20.643118,0.099478295,21.60804671,0.408856407,11.32945108,0.397812697,27.14645725,0.229918049,4.57342094,0.12835699,6.252059035,0.177520705,10.80534982,0.213800643,25.65026541,0.17913752,5.412739988
CU7,CU,KIF12_457,Cephalopholis urodeta,GC,8,Medium,M1,1212.82819,12.12,92.9,72.4,d15N,3,0.124102108,22.68395379,0.204311037,4.2106174,0.29253091,-20.60545411,0.355930237,5.518698408,0.110774546,21.02558181,0.094175368,21.09011452,0.434011905,19.26006918,0.301955847,20.67697271,0.137502727,18.1239415,0.460005797,10.64388866,0.050639247,22.83528586,0.299089173,3.062812435,0.355070416,5.825646217,0.822861066,7.897625315,0.179023107,20.81370277,0.327079795,4.444229326
AF4,AF,KIF12_237,Aphareus furca,Pi,8,Medium,M1,1212.82819,410,354,279,d15N,3,0.736168224,25.54977764,0.163463528,-2.368879162,0.094004906,-27.67687095,0.192992589,3.611015315,0.062698145,26.93795676,0.204655268,25.98468103,0.096478678,26.2469287,0.175861978,21.72718661,0.233775752,20.37729358,0.783726261,9.188707004,0.191012825,25.43976709,0.140586461,2.871080713,0.118813464,4.890179183,0.337487583,8.133594142,0.242950124,24.60908449,0.129699963,3.880629948
CM3,CM,KIF12_333,Caranx melampygus,Pi,8,Medium,M1,1212.82819,2156.5,580,476,d15N,3,0.115377541,27.50940111,0.073330372,0.366274657,0.226960292,-23.5256043,0.076816818,4.790268112,0.138094116,28.68787689,0.13035118,27.56363851,0.199010548,27.73939418,0.155244485,20.49291991,0.090660279,22.28766451,0.300759444,11.28299055,0.036657971,27.12131681,0.214673982,5.530593205,0.129014084,7.502157423,NA,NA,0.123628017,25.9146017,0.171844033,6.516375314
CM1,CM,KIF12_050,Caranx melampygus,Pi,8,Medium,M1,1212.82819,2200,585,490,d15N,3,0.339498953,27.81007336,0.265935869,-0.989624006,0.354329839,-27.27169086,0.11396486,4.355671746,0.181795458,28.56127008,0.032495325,27.6368725,0.473643296,27.87307174,0.077635503,20.68201674,0.225343401,22.04937603,0.303171027,11.22970244,0.016544401,27.23969746,0.21553905,4.555689286,0.183577179,6.707306871,0.071616195,10.37747587,0.192422334,25.97891113,0.199558115,5.631498079
LB10,LB,LUTBOH012,Lutjanus bohar,Pi,8,Medium,M1,1212.82819,561,348,269,d15N,3,0.051031596,26.11677277,0.247043312,2.440109419,0.089926556,-26.16687116,0.025809922,6.423755817,0.195853966,27.66570096,0.25407138,27.04558027,0.087800755,26.71669082,0.726355338,22.26674645,0.403086414,21.25062761,1.011278377,12.43023159,0.249488676,26.82290143,0.05475687,4.336095603,0.110154805,6.577760641,0.472977861,9.492434242,0.281098304,25.41214576,0.082455838,5.456928122
LF8,LF,LUTFUL009,Lutjanus fulvus,GC,8,Medium,M1,1212.82819,243,246,185,d15N,3,1.507259212,24.61443712,1.732590642,3.547650733,0.477620491,-17.14177078,0.029512709,4.323281742,0.320347207,25.06286514,0.273292883,24.30571452,0.462961121,22.97988584,0.193145886,19.05447271,0.101133575,20.0472415,0.545775595,12.48727199,0.171309661,24.7098692,0.180756743,6.533329101,0.284269825,6.07947955,NA,NA,0.432778506,22.96778372,0.232513284,6.306404326
LB3,LB,KIF11_444,Lutjanus bohar,Pi,8,Medium,M1,1212.82819,757.7,364,285,d15N,3,0.140557034,27.66731886,0.058394021,1.277229308,0.193662818,-24.71597943,0.345217753,5.95523167,0.158756577,27.04115898,0.097860262,26.62998043,0.522284376,26.51635785,0.249648094,22.50252888,0.357189622,21.45155298,0.433386223,12.93760295,0.338387075,26.70097622,0.295232078,4.944264834,0.123546752,6.468317281,NA,NA,0.266383291,25.5014106,0.209389415,5.706291058
AF10,AF,KIF12_240,Aphareus furca,Pi,8,Medium,M1,1212.82819,510,380,320,d15N,3,0.159845334,26.22657322,0.026858707,-1.650523164,0.122278295,-26.87191849,0.41612373,4.083848298,0.192725486,27.74588791,0.100980397,27.24888941,0.154152032,27.03264563,0.064599098,21.50412184,0.067844307,21.43118349,0.100904721,10.90224162,0.205490609,26.65612547,0.410427031,3.132437146,0.025714651,5.716307175,0.203388703,7.415058664,0.135091038,25.40648957,0.218070841,4.424372161
CA1,CA,CEPARG033,Cephalopholis argus,Pi,8,Medium,M1,1212.82819,768,367,310,d15N,3,0.233993695,31.44772028,0.185691188,-1.520642987,0.213154012,-29.01194543,0.206344132,6.138305613,0.328409192,28.55053081,0.156979695,27.61141257,0.641617928,27.84977469,0.503906136,24.04164473,0.229035429,23.01644098,0.339105277,12.81585694,0.216764205,28.71718641,0.196736762,5.56748136,0.082558572,6.33342734,NA,NA,0.330100897,27.31924435,0.139647667,5.95045435
LF2,LF,LUTFUL017,Lutjanus fulvus,GC,10,Very Low,VL6,0,144,211,167,d15N,3,0.437764016,27.25353712,0.176094672,0.601950733,0.392138156,-18.87937078,0.334619685,4.193115075,0.188812959,26.01974847,0.586314193,24.80903119,0.735140803,25.52723584,0.666322995,20.12238938,0.101322916,20.02310817,0.970750912,11.56863866,0.167609666,24.7336192,0.389597656,6.229145768,0.082645831,7.18297955,NA,NA,0.411898221,24.06980991,0.236121744,6.706062659
LF6,LF,LUTFUL034,Lutjanus fulvus,GC,10,Very Low,VL6,0,205,236,180,d15N,3,0.315957276,27.82837046,0.320084885,4.182784067,0.26903965,-20.06370411,0.355294713,6.327948408,0.08582152,26.91466514,0.272415736,26.41644786,0.422756431,26.88415251,0.37484041,21.17913938,0.192468179,21.87777484,0.33518204,13.13747199,0.140865184,26.56720253,0.360146267,5.883729101,0.192904985,6.655146217,0.212003145,8.179875315,0.257874962,25.38110753,0.276525626,6.269437659
LF1,LF,LUTFUL019,Lutjanus fulvus,GC,10,Very Low,VL6,0,77,173,135,d15N,3,0.863921486,22.24520379,0.891976644,0.556284067,0.187361504,-18.63570411,0.529761267,1.463781742,0.587078643,22.27741514,0.199440049,21.72969786,0.497403592,22.28156918,0.33298999,17.24872271,0.318840085,17.7444415,0.358324341,7.909638656,0.309485595,21.94295253,0.411726851,4.358479101,0.370986523,4.759646217,NA,NA,0.444165634,20.78142896,0.391356687,4.559062659
LF15,LF,LUTFUL027,Lutjanus fulvus,GC,10,Very Low,VL6,0,114,194,148,d15N,3,0.424981568,26.76943712,0.886847789,2.1931174,0.368320965,-16.51477078,0.511038485,4.601015075,0.149373135,25.19139847,0.168737469,24.80064786,0.484142885,23.74275251,0.46767617,19.65640605,0.366247184,20.0890415,0.989955723,12.13680532,0.085246701,24.7728692,0.369812565,6.543795768,0.282761973,7.13307955,NA,NA,0.306629302,23.57465039,0.326287269,6.838437659