fish_code,species_code,id,sci_name,group,site,dist_cat,isotope,n_inj,Ala_SD,Ala,Gly_SD,Gly,Thr_SD,Thr,Ser_SD,Ser,Val_SD,Val,Leu_SD,Leu,Ile_SD,Ile,Pro_SD,Pro,Asp_SD,Asp,Met_SD,Met,Glu_SD,Glu,Phe_SD,Phe,Lys_SD,Lys,Arg_SD,Arg
AF1,AF,KIF12_176,Aphareus furca,Pi,30,Very High,d13C,3,0.17,-14.2,0.26,-3.04,0.08,-7.67,0.29,-1.22,0.04,-21.05,0.11,-24.54,0.22,-14.61,0.17,-16.57,0.09,-15.17,0.24,-25.97,0.03,-13.35,0.04,-25.81,0.08,-15.34,0.26,-16.04
AF10,AF,KIF12_240,Aphareus furca,Pi,8,Medium,d13C,3,0.04,-15.01,0.01,-0.15,0.1,-7.47,0.2,-2.27,0.07,-19.98,0.12,-23.92,0.25,-15.69,0.14,-14.54,0.04,-14.28,0.25,-24.62,0.11,-13.71,0.38,-27.21,0.17,-15,0.22,-14.26
AF11,AF,KIF12_254,Aphareus furca,Pi,15,Very Low,d13C,3,0.03,-16.8,0.28,-2.55,0.07,-8.02,0.19,-5.99,0.11,-20.99,0.1,-24.87,0.25,-16.4,0.02,-15.4,0.11,-15.74,0.31,-25.29,0.03,-14.74,0.02,-27.94,0.06,-15.18,0.2,-14.88
AF12,AF,KIF12_316,Aphareus furca,Pi,15,Very Low,d13C,3,0.1,-15.66,0.32,-3.7,0.15,-7.97,0.15,-3.57,0.1,-21.54,0.1,-24.92,0.15,-16.65,0.16,-14.9,0.07,-15.76,0.04,-25.57,0.09,-14.24,0.12,-26.69,0.16,-15.43,0.22,-14.42
AF13,AF,KIF12_370,Aphareus furca,Pi,15,Very Low,d13C,3,0.03,-15.7,0.18,-5.29,0.19,-7.82,0.09,-2.93,0.06,-21.68,0.06,-24.94,0.29,-16.68,0.05,-15.28,0.1,-16.06,0.37,-25.44,0.05,-14.41,0.15,-27.17,0.08,-15.44,0.31,-14.88
AF2,AF,KIF12_177,Aphareus furca,Pi,30,Very High,d13C,3,0.12,-15.25,0.29,-5.24,0.15,-8.13,0.07,-1.87,0.17,-21.62,0.02,-24.79,0.15,-14.58,0.18,-16.07,0.17,-15.05,0.23,-26.26,0.11,-13.61,0.04,-25.97,0.08,-15.6,0.04,-16.62
AF3,AF,KIF12_203,Aphareus furca,Pi,30,Very High,d13C,3,0.09,-15.39,0.24,-4.95,0.07,-8.28,0.12,-3.62,0.09,-22.08,0.04,-24.62,0.22,-14.1,0.06,-15.38,0.16,-15,0.19,-26.82,0.03,-13.29,0.05,-25.9,0.13,-15.31,0.2,-14.47
AF4,AF,KIF12_237,Aphareus furca,Pi,8,Medium,d13C,3,0.19,-15.21,0.2,-4.32,0.12,-8.05,0.26,-2.45,0.11,-21.87,0.08,-24.67,0.06,-14.49,0.19,-14.93,0.05,-14.35,0.29,-26.33,0.12,-12.71,0.09,-25.88,0.1,-15.38,0.24,-15.15
AF5,AF,KIF12_238,Aphareus furca,Pi,8,Medium,d13C,3,0.25,-15.59,0.13,-3.79,0.14,-8.21,0.08,-1.71,0.06,-21.76,0.03,-24.56,0.15,-14.53,0.16,-15.8,0.06,-14.94,0.09,-26.45,0.18,-12.86,0.17,-25.84,0.07,-14.89,0.24,-13.29
AF6,AF,KIF12_239,Aphareus furca,Pi,8,Medium,d13C,3,0.11,-15.55,0.03,-2.91,0.11,-7.97,0.15,-1.71,0.09,-21.96,0.08,-24.51,0.08,-14.58,0.05,-16.17,0.07,-14.6,0.12,-26.06,0.02,-12.97,0.04,-25.84,0.1,-15,0.14,-13.99
AF7,AF,KIF12_187,Aphareus furca,Pi,19,Very Low,d13C,3,0.12,-15.83,0.25,-4.68,0.11,-7.95,0.06,-5.75,0.1,-22.13,0.18,-25.19,0.16,-15.94,0.2,-17.24,0.16,-16.07,0.13,-27.93,0.13,-14.49,0.28,-26.02,0.21,-16.24,0.19,-19.83
AF8,AF,KIF12_192,Aphareus furca,Pi,19,Very Low,d13C,3,0.12,-15.77,0.05,-5.08,0.22,-8.16,0.13,-5.32,0.13,-21.98,0.17,-24.93,0.18,-15.88,0.2,-15.99,0.21,-15.31,0.14,-27.36,0.24,-13.83,0.14,-25.77,0.21,-16.05,0.19,-20.01
AF9,AF,KIF12_253,Aphareus furca,Pi,15,Very Low,d13C,3,0.1,-16.06,0.02,-6.03,0.05,-8.21,0.09,-5.79,0.08,-22.44,0.08,-25.29,0.09,-16.33,0.18,-17.83,0.14,-16.57,0.08,-28.18,0.04,-14.43,0.18,-26.28,0.09,-16.58,0.16,-20.4
AN1,AN,ACANIG043,Acanthurus nigricans,He,35,Medium,d13C,3,0.06,-16.57,0.15,-11.92,0.11,-12.7,0.04,-4.87,0.04,-22.2,0.1,-23.64,0.15,-18.42,0.05,-18.35,0.07,-13.93,0.06,-27.73,0.06,-12.2,0.09,-24.55,0.11,-14.38,0.17,-15.71
AN10,AN,ACANIG129,Acanthurus nigricans,He,15,Very Low,d13C,3,0.07,-14.59,0.42,-8.77,0.17,-10.02,0.1,-4.05,0.11,-20.52,0.19,-22.16,0.07,-17.75,0.26,-16.81,0.12,-11.64,0.07,-23.14,0.11,-9.35,0.16,-22.98,0.02,-14.61,0.16,-18.95
AN11,AN,ACANIG142,Acanthurus nigricans,He,15,Very Low,d13C,3,0.11,-14.23,0.06,-7.47,0.23,-9.57,0.15,-2.09,0.17,-20.64,0.17,-21.35,0.03,-17.02,0.1,-15.29,0.07,-11.38,0.2,-22.06,0.15,-9.27,0.34,-22.82,0.2,-13.32,0.07,-16.71
AN12,AN,ACANIG146,Acanthurus nigricans,He,34,Medium,d13C,3,0.08,-16.35,0.16,-9.02,0.11,-12.67,0.16,-7.61,0.12,-22.8,0.02,-23.25,0.15,-18.38,0.06,-18.9,0.04,-13.05,0.02,-24.7,0.11,-11.16,0.31,-25.7,0.09,-15.32,0.08,-17.49
AN13,AN,ACANIG154,Acanthurus nigricans,He,30,Very High,d13C,3,0.45,-16.88,0.1,-8.18,0.11,-11.85,0.21,-2.58,0.05,-22.68,0.06,-23.19,0.37,-18.91,0.02,-19.25,0.05,-13.09,0.18,-23.18,0.03,-11,0.07,-26.12,0.01,-15.72,0.26,-17.01
AN14,AN,ACANIG155,Acanthurus nigricans,He,30,Very High,d13C,3,0.14,-16.88,0.18,-9.27,0.28,-11.89,0.19,-1.22,0.26,-23.17,0.2,-23.26,0.35,-19.21,0.13,-19.12,0.19,-13.28,0.22,-24.95,0.18,-11.28,0.18,-25.76,0.38,-16.6,0.38,-17.47
AN15,AN,ACANIG161,Acanthurus nigricans,He,14,Medium,d13C,3,0.08,-16.8,0.08,-9.36,0.17,-12.75,0.14,-4.9,0.03,-22.88,0.13,-23.62,0.15,-19.26,0.27,-19.4,0.21,-14.21,0.2,-25.98,0.16,-12.43,0.23,-27.52,0.13,-16.47,0.18,-16.25
AN2,AN,ACANIG044,Acanthurus nigricans,He,35,Medium,d13C,3,0.2,-17.24,0,-9.84,0.13,-12.93,0.23,-5.61,0.11,-22.8,0.14,-23.77,0.16,-18.67,0.07,-19.41,0.04,-13.05,0.12,-26.58,0.06,-11.91,0.28,-24.83,0.06,-15.29,0.51,-15.01
AN3,AN,ACANIG045,Acanthurus nigricans,He,35,Medium,d13C,3,0.11,-16.89,0.12,-9.32,0.21,-12.58,0.06,-5.06,0.11,-21.94,0.08,-23.38,0.12,-18.01,0.2,-18.28,0.13,-13.08,0.26,-26.58,0.08,-11.25,0.28,-23.73,0.26,-14.58,0.12,-15.34
AN4,AN,ACANIG050,Acanthurus nigricans,He,30,Very High,d13C,3,0.09,-18.21,0.16,-8.57,0.06,-12.21,0.08,-4.7,0.14,-22.14,0.11,-22.53,0.14,-17.4,0.1,-19.22,0.13,-12.03,0.1,-25.72,0.05,-10.91,0.21,-24.08,0.17,-14.16,0.18,-18.36
AN5,AN,ACANIG052,Acanthurus nigricans,He,15,Very Low,d13C,3,0.12,-17.15,0.34,-8.01,0.1,-11.15,0.27,-4.31,0.2,-21.28,0.17,-20.95,0.27,-16.42,0.13,-18.91,0.08,-12.51,0.1,-26.04,0.03,-10.63,0.2,-23.39,0.12,-13.44,0.04,-20.34
AN6,AN,ACANIG054,Acanthurus nigricans,He,15,Very Low,d13C,3,0.12,-16.54,0.33,-6.71,0.16,-10.99,0.08,-5.32,0.2,-20.62,0.09,-20.46,0.13,-16.19,0.1,-17.53,0.1,-11.1,0.17,-26.1,0.14,-9.49,0.18,-22.09,0.19,-12.22,0.51,-19.49
AN7,AN,ACANIG057,Acanthurus nigricans,He,15,Very Low,d13C,3,0.46,-14.92,0.36,-5.82,0.34,-10.47,0.29,-5.01,0.5,-19.26,0.16,-19.88,0.25,-16.12,0.43,-16.27,0.11,-10.34,0.52,-24.06,0.16,-9.79,0.2,-22.81,0.05,-12.84,0.66,-13.96
AN8,AN,ACANIG104,Acanthurus nigricans,He,30,Very High,d13C,3,0.44,-15.44,0.47,-5.89,0.5,-9.91,0.51,-5.81,0.58,-19.52,0.51,-19.15,0.31,-14.32,0.88,-16.07,0.36,-10.7,1.04,-24.88,0.12,-8.6,0.51,-21.41,0.29,-11.99,1.74,-14.17
AN9,AN,ACANIG105,Acanthurus nigricans,He,30,Very High,d13C,3,0.17,-15.67,0.2,-4.95,0.12,-11.17,0.09,-5.61,0.23,-20.82,0.06,-20.88,0.1,-17.09,0.24,-17.5,0.12,-10.15,0.25,-24.05,0.1,-8.53,0.2,-23.28,0.2,-12.72,0.21,-12.69
CA1,CA,CEPARG033,Cephalopholis argus,Pi,8,Medium,d13C,3,0.02,-14.11,0.17,-3.06,0.25,-7.59,0.07,-1.61,0.21,-19.7,0.21,-23.79,0.2,-15.17,0.07,-13.21,0.01,-12.31,0.16,-25.96,0.1,-14.91,0.21,-27.52,0.15,-13.94,0.12,-14.83
CA10,CA,CEPARG130,Cephalopholis argus,Pi,34,Medium,d13C,3,0,-12.71,0.12,0.23,0.18,-5.97,0.19,-1.27,0.18,-19.01,0.06,-22.76,0.06,-15.25,0.3,-13.95,0.09,-13.48,0.21,-25.97,0.12,-12.51,0.07,-24.98,0.1,-13.64,0.06,-13.47
CA11,CA,CEPARG121,Cephalopholis argus,Pi,19,Very Low,d13C,3,0.14,-13.77,0.28,-0.84,0.22,-7.76,0.22,-4.29,0.12,-18.33,0.08,-22.89,0.22,-14.22,0.11,-13.83,0.06,-11.26,0.28,-25.64,0.21,-12.4,0.15,-25.19,0.19,-12.98,0.22,-14.23
CA12,CA,CEPARG156,Cephalopholis argus,Pi,35,Medium,d13C,3,0.1,-13.23,0.26,-0.44,0.15,-8.59,0.16,-5.27,0.02,-18.61,0.04,-22.98,0.32,-13.97,0.05,-13.9,0.08,-10.23,0.24,-25.46,0.04,-12.02,0.05,-25.11,0.15,-11.94,0.19,-14.47
CA13,CA,CEPARG160,Cephalopholis argus,Pi,19,Very Low,d13C,3,0.08,-13.73,0.1,-1.21,0.29,-8.77,0.17,-4.28,0.07,-18.38,0.08,-23.04,0.1,-14.71,0.17,-13.78,0.07,-11.41,0.16,-25.54,0.05,-12.84,0.12,-25.51,0.08,-12.48,0.13,-14.7
CA14,CA,KIF11_128,Cephalopholis argus,Pi,27,Very High,d13C,3,0.02,-14.33,0.04,-1.75,0.11,-8.04,0.09,-2.65,0.1,-20.15,0.06,-23.65,0.23,-15.29,0.09,-13.97,0.04,-11.09,0.2,-25.16,0.01,-12.73,0.24,-25.41,0.14,-12.57,0.1,-14.77
CA15,CA,KIF11_162,Cephalopholis argus,Pi,27,Very High,d13C,3,0.15,-14,0.24,-1.22,0.21,-7.91,0.2,-2.7,0.17,-18.59,0.14,-21.99,0.13,-13.75,0.14,-12.9,0.23,-10.25,0.35,-23.76,0.13,-12,0.13,-24.98,0.22,-11.67,0.18,-14.15
CA2,CA,CEPARG056,Cephalopholis argus,Pi,27,Very High,d13C,3,0.09,-12.98,0.07,-1.97,0.16,-7.32,0.08,-2.53,0.1,-19.99,0.07,-23.3,0.25,-15.06,0.07,-13.14,0.06,-12.65,0.39,-26.48,0.05,-13.67,0.08,-26.9,0.1,-13.06,0.26,-15.11
CA3,CA,CEPARG096,Cephalopholis argus,Pi,35,Medium,d13C,3,0.18,-14.47,0.25,-1.51,0.04,-8.18,0.33,-2.98,0.26,-19.9,0.12,-23.25,0.24,-15.21,0.19,-14.16,0.11,-13.66,0.18,-26.29,0.13,-14.27,0.3,-26.27,0.08,-13.8,0.08,-15.8
CA4,CA,CEPARG099,Cephalopholis argus,Pi,35,Medium,d13C,3,0.15,-12.57,0.06,-1.06,0.23,-6.89,0.32,-1.86,0.32,-18.61,0.16,-21.63,0.42,-15.07,0.06,-12.71,0.15,-10.58,0.15,-25.43,0.08,-12.37,0.06,-25.18,0.2,-11.81,0.11,-14.59
CA5,CA,KIF11_051,Cephalopholis argus,Pi,27,Very High,d13C,3,0.07,-13.01,0.29,0.68,0.26,-7.23,0.12,-2.42,0.14,-18.46,0.1,-21.34,0.14,-13.98,0.04,-13.05,0.03,-11.41,0.18,-25.41,0.08,-12.19,0.16,-24.37,0.06,-11.87,0.17,-14.52
CA6,CA,KIF11_118,Cephalopholis argus,Pi,27,Very High,d13C,3,0.23,-12.77,0.11,0.53,0.2,-7.03,0.12,-2.3,0.11,-18.96,0.14,-21.65,0.11,-14.35,0.03,-13.21,0.13,-11.56,0.15,-25.79,0.11,-12.41,0.29,-24.56,0.21,-11.6,0.4,-14.81
CA7,CA,CEPARG008,Cephalopholis argus,Pi,15,Very Low,d13C,3,0.12,-13.49,0.02,0.25,0.17,-7.22,0.16,-3.44,0.27,-20.08,0.12,-22.89,0.25,-15.61,0.27,-17.28,0.03,-14.57,0.14,-26.46,0.04,-13.92,0.07,-25.67,0.26,-15.93,0.16,-17.35
CA8,CA,CEPARG011,Cephalopholis argus,Pi,15,Very Low,d13C,3,0.07,-11.68,0.16,0.44,0.17,-7.1,0.18,-3.31,0.05,-18.88,0.05,-22.16,0.26,-14.54,0.08,-16.18,0.14,-13.94,0.24,-27.2,0.08,-12.82,0.15,-24.75,0.05,-13.7,0.18,-16.5
CA9,CA,CEPARG028,Cephalopholis argus,Pi,16,Very Low,d13C,3,0.17,-12,0.2,1.16,0.22,-7.02,0.15,-2.91,0.18,-18.83,0,-22.3,0.26,-14.39,0.11,-16.11,0.01,-14.21,0.14,-26.93,0.04,-12.93,0.05,-25,0.27,-14.05,0.3,-17.88
CM1,CM,KIF12_050,Caranx melampygus,Pi,8,Medium,d13C,3,0.27,-14.47,0.2,-0.21,0.15,-7.81,0.19,-3.83,0.2,-19.93,0.2,-23.03,0.2,-14.51,0.14,-16.17,0.23,-14.43,0.14,-27.23,0.15,-13.81,0.2,-24.55,0.17,-15.04,0.22,-16.66
CM10,CM,KIF12_312,Caranx melampygus,Pi,15,Very Low,d13C,3,0.04,-14.48,0.18,0.2,0.26,-7.25,0.22,-0.92,0.16,-19.91,0.15,-23.55,0.33,-15.53,0.19,-14.32,0.12,-13.96,0.11,-24.74,0.09,-14.29,0.24,-26.72,0.05,-15.24,0.14,-13.81
CM2,CM,KIF12_232,Caranx melampygus,Pi,8,Medium,d13C,3,0.14,-14.44,0.19,-0.07,0.07,-7.4,0.06,-3.79,0.1,-19.84,0,-23.07,0.11,-13.99,0.09,-15.97,0.03,-13.81,0.02,-27.21,0.03,-13.84,0.29,-24.69,0.1,-15.24,0.11,-16.42
CM3,CM,KIF12_333,Caranx melampygus,Pi,8,Medium,d13C,3,0.03,-13.25,0.1,0.87,0.04,-7.6,0.15,-3.12,0.09,-19.13,0.07,-22.18,0.28,-14.05,0.06,-15.64,0.09,-13.52,0.09,-26.86,0.05,-13.11,0.17,-23.97,0.1,-14.32,0.17,-15.4
CM4,CM,KIF11_050,Caranx melampygus,Pi,27,Very High,d13C,3,0.104576925,-11.40206029,0.077313216,-2.878292124,0.066710819,-4.409223944,0.101296594,3.260884571,0.088754343,-17.41566911,0.104102514,-19.87437778,0.366761957,-11.0368214,0.059936077,-12.36941406,0.155596701,-12.49132158,0.152231184,-23.81020773,0.128175661,-10.97258777,0.165572743,-22.0387952,0.083530434,-12.8024658,NA,NA
CM5,CM,KIF11_171,Caranx melampygus,Pi,27,Very High,d13C,3,0.06,-12.56,0.05,-3.09,0.09,-8.99,0.03,-2.83,0.13,-20.98,0.02,-23.85,0.02,-13.7,0.2,-15.69,0.15,-15.47,0.06,-26.78,0.13,-13.7,0.06,-24.99,0.14,-15.37,0.62,-17.89
CM6,CM,KIF12_197,Caranx melampygus,Pi,19,Very Low,d13C,3,0.18,-14.38,0.06,-0.98,0.15,-9.21,0.12,-3.02,0.12,-20.97,0.01,-24.59,0.17,-14.21,0.19,-16.99,0.19,-17.18,0.18,-26.91,0.12,-15.66,0.11,-26.25,0.06,-16.69,0.38,-17.64
CM7,CM,KIF12_248,Caranx melampygus,Pi,15,Very Low,d13C,3,0.01,-14.34,0.2,-1.58,0.09,-9.4,0.03,-3.29,0.08,-20.91,0.04,-24.52,0.19,-13.91,0.11,-16.9,0.07,-16.61,0.11,-27.09,0.05,-15.48,0.08,-26.06,0.02,-16.28,0.16,-18.87
CM8,CM,KIF12_249,Caranx melampygus,Pi,15,Very Low,d13C,3,0.16,-14.1,0.18,-0.8,0.04,-8.9,0.08,-3,0.19,-20.61,0.15,-23.8,0.37,-14.62,0.24,-16.93,0.24,-15.59,0.33,-26.81,0.07,-15.02,0.24,-25.77,0.2,-16.1,0.19,-17.58
CM9,CM,KIF12_311,Caranx melampygus,Pi,15,Very Low,d13C,3,0.06,-14.86,0.23,-1.74,0.09,-9.55,0.11,-3.02,0.04,-21.73,0.12,-24.44,0.2,-15.19,0.16,-16.66,0.16,-16.27,0.14,-26.98,0.24,-15.62,0.22,-26.29,0.16,-16.5,0.18,-18.76
CO1,CO,KIF12_004,Chaetodon ornatissimus,Co,30,Very High,d13C,3,0.02,-13.36,0.24,-6.95,0.12,-6.43,0.11,-5.63,0.19,-21.1,0.09,-22.73,0.07,-9.66,0.15,-9.18,0.04,-11,NA,NA,0.1,-8.83,0.14,-20.6,0.14,-9.31,0.27,-11.98
CO10,CO,KIF12_022,Chaetodon ornatissimus,Co,30,Very High,d13C,3,0.12,-11.08,0.07,-5.35,0.22,-6.06,0.1,-2.03,0.18,-21.14,0.09,-22.3,0.18,-10.72,0.18,-11.46,0.08,-9,0.1,-25.53,0.05,-9.29,0.05,-20.77,0.29,-11.29,0.26,-16.73
CO11,CO,KIF12_023,Chaetodon ornatissimus,Co,30,Very High,d13C,3,0.1,-12.63,0.19,-7.78,0.09,-6.37,0.2,-2.58,0.25,-20.73,0.22,-22.25,0.21,-8.13,0.19,-10.48,0.21,-10.19,0.1,-26.23,0.05,-9.89,0.14,-20.9,0.19,-11.47,0.36,-18.68
CO12,CO,KIF12_263,Chaetodon ornatissimus,Co,15,Very Low,d13C,3,0.09,-12.53,0.09,-8.7,0.08,-7.78,0.05,-4.24,0.18,-21.98,0.07,-22.88,0.12,-9.59,0.2,-12.36,0.24,-11.92,0.06,-25.65,0,-11.11,0.12,-22.16,0.11,-11.76,NA,NA
CO13,CO,KIF12_328,Chaetodon ornatissimus,Co,15,Very Low,d13C,3,0.19,-11.46,0.17,-6.83,0.13,-6.91,0.14,-3.97,0.03,-23.93,0.12,-23.33,0.14,-9.88,0.19,-12.95,0.15,-12.03,0.05,-25.7,0.1,-10.83,0.04,-22.37,0.01,-12.3,0.17,-17.91
CO14,CO,KIF12_381,Chaetodon ornatissimus,Co,8,Medium,d13C,3,0.11,-11.57,0.06,-6.08,0.09,-7.18,0.07,-3.37,0.18,-21.58,0.1,-22.43,0.35,-8.65,0.13,-12.44,0.18,-11.03,0.17,-25.13,0.07,-10.22,0.12,-21.35,0.08,-11.26,NA,NA
CO15,CO,KIF12_382,Chaetodon ornatissimus,Co,8,Medium,d13C,3,0.03,-10.89,0.17,-6.05,0.18,-6.49,0.21,-2.13,0.11,-21.19,0.08,-22.34,0.3,-8.68,0.28,-10.69,0.22,-10.03,0.05,-25.2,0.1,-9.15,0.1,-20.85,0.15,-10.56,NA,NA
CO2,CO,KIF12_005,Chaetodon ornatissimus,Co,30,Very High,d13C,3,0.03,-14.24,0.2,-6.9,0.16,-6.2,0.01,-3.95,0.13,-21,0.18,-21.9,0.22,-8.97,0.11,-8.72,0.2,-10.59,NA,NA,0.08,-8.13,0.05,-20.21,0.14,-9.35,0.15,-12.58
CO3,CO,KIF12_021,Chaetodon ornatissimus,Co,30,Very High,d13C,3,0.08,-14.4,0.12,-7.16,0.2,-6.07,0.05,-3.48,0.13,-20.24,0.08,-21.49,0.11,-8.33,0.07,-10.31,0.06,-9.84,NA,NA,0.11,-7.91,0.1,-19.66,0.11,-8.98,0.24,-13.71
CO4,CO,KIF12_072,Chaetodon ornatissimus,Co,8,Medium,d13C,3,0.04,-14.55,0.19,-8.53,0.1,-7.95,0.12,-6.93,0.1,-21.6,0.04,-23.73,0.23,-9.49,0.08,-11.57,0.08,-13.47,NA,NA,0.08,-10.14,0.34,-20.63,0.11,-9.49,0.17,-13.53
CO5,CO,KIF12_346,Chaetodon ornatissimus,Co,8,Medium,d13C,3,0.05,-12.83,0.44,-6.59,0.19,-5.23,0.06,-3.9,0.15,-20.01,0.1,-20.98,0.15,-8.88,0.09,-7.54,0.04,-9.9,NA,NA,0.11,-6.9,0.09,-18.92,0.14,-7.54,0.06,-11.48
CO6,CO,KIF12_347,Chaetodon ornatissimus,Co,8,Medium,d13C,3,0.06,-15.85,0.41,-9.87,0.11,-7.06,0.02,-4.88,0.07,-22.7,0.13,-22.94,0.14,-9.76,0.25,-10.07,0.17,-11.32,NA,NA,0.11,-9,0.12,-21.6,0.15,-10.38,0.24,-15.04
CO7,CO,KIF12_247,Chaetodon ornatissimus,Co,15,Very Low,d13C,3,0.06,-12.5,0.31,-4.83,0.09,-5.62,0.16,-2.97,0.18,-19.95,0.14,-21.14,0.11,-10.32,0.14,-8.05,0.15,-9.33,NA,NA,0.17,-7.16,0.29,-20.14,0.19,-7.5,0.26,-10.98
CO8,CO,KIF12_258,Chaetodon ornatissimus,Co,15,Very Low,d13C,3,0.08,-14,0.39,-7.65,0.22,-6.67,0.16,-5.43,0.1,-21.5,0.06,-23.26,0.06,-9.87,0.08,-9.84,0.07,-11.57,NA,NA,0.13,-8.74,0.24,-21.67,0.15,-9.15,0.12,-14.15
CO9,CO,KIF12_262,Chaetodon ornatissimus,Co,15,Very Low,d13C,3,0.09,-14.26,0.29,-7.41,0.11,-6.8,0.04,-5.27,0.08,-21.66,0.02,-23.28,0.14,-9.77,0.13,-10.12,0.01,-11.56,NA,NA,0.1,-8.92,0.14,-21.54,0.12,-9.66,0.19,-15.05
CU1,CU,KIF11_335,Cephalopholis urodeta,GC,10,Very Low,d13C,3,0.05,-15.08,0.13,-5.64,0.04,-9.06,0.02,-3.69,0.13,-22.23,0.03,-25.45,0.26,-16.84,0.14,-15.09,0.09,-17.92,0.19,-27.14,0.15,-15.75,0.08,-26.25,0.31,-17.85,0.33,-16.45
CU10,CU,CEPURO027,Cephalopholis urodeta,GC,35,Medium,d13C,3,0.1,-13.69,0.13,-2.61,0.12,-7.94,0.09,-2.46,0.19,-20.49,0.1,-24.24,0.11,-15.07,0.12,-13.85,0.03,-14.68,0.23,-26.18,0.1,-13.92,0.1,-25.03,0.35,-14.95,0,-15
CU11,CU,CEPURO014,Cephalopholis urodeta,GC,30,Very High,d13C,3,0.01,-13.88,0.13,-2.01,0.13,-7.92,0.08,-2.77,0.06,-20.28,0.11,-23.79,0.22,-14.34,0.07,-13.5,0.09,-14.68,0.13,-25.81,0.07,-13.59492543,0.215006977,-24.78913216,0.398376706,-14.84214834,0.084017855,-14.42219112
CU12,CU,KIF11_212,Cephalopholis urodeta,GC,15,Very Low,d13C,3,0.103522944,-13.53628251,0.072753007,-2.414888861,0.073979727,-8.467932653,0.13576573,-2.74142654,0.146078746,-20.32940244,0.069291654,-23.80685485,0.392983884,-14.72562874,0.151661905,-14.38261406,0.086216781,-14.74097123,0.093114625,-25.79140773,0.058660038,-14.08323712,0.092397691,-24.57088436,0.970215096,-15.05138355,0.341754298,-14.98946384
CU13,CU,CEPURO030,Cephalopholis urodeta,GC,8,Medium,d13C,3,0.2,-14.98,0.09,-4.77,0.24,-7.6,0.2,-2.04,0.09,-19.27,0.18,-24.78,0.16,-14.94,0.09,-14.36,0.14,-15.86,NA,NA,0.14,-14.92,0.32,-25.82,0.31,-16.99,NA,NA
CU14,CU,CEPURO039,Cephalopholis urodeta,GC,27,Very High,d13C,3,0.05,-14.61,0.21,-6.07,0.03,-6.97,0.07,-1.16,0.21,-20.67,0.1,-24.83,0.11,-14.74,0.08,-14.66,0.15,-15.77,0.43,-25.33,0.03,-14.14,0.424259747,-25.13,0.076028503,-16.05,NA,NA
CU15,CU,KIF11_277,Cephalopholis urodeta,GC,15,Very Low,d13C,3,0.083859009,-13.76,0.171038982,-5.6,0.134897492,-6.07,0.299628659,0.42,0.237529647,-19.43,0.129214292,-23.3,0.18116935,-13.5,0.08200813,-15.01,0.094978945,-15.43,0.288303659,-24.59,0.041789153,-14.11457911,0.1432492,-25.42034004,0.219208424,-14.88688138,NA,NA
CU2,CU,CEPURO026,Cephalopholis urodeta,GC,10,Very Low,d13C,3,0.2,-14.02,0.24,-4.04,0.07,-8.14,0.41,-1.38,0.04,-20.9,0.05,-23.94,0.33,-15.13,0.23,-13.48,0.08,-15.66,0.18,-25.5,0.13,-14.4,0.3,-24.9,0.34,-17.54,0.23,-15.63
CU3,CU,KIF12_345,Cephalopholis urodeta,GC,30,Very High,d13C,3,0.16,-15.29,0.02,-6.43,0.13,-8.7,0.22,-3.86,0.12,-22.53,0.17,-25.33,0.17,-16.27,0.13,-15.55,0.08,-17.47,0.06,-26.98,0.1,-16.11,0.12,-26.02,0.02,-17.69,0.22,-17.09
CU4,CU,CEPURO061,Cephalopholis urodeta,GC,27,Very High,d13C,3,0.2,-14.2,0.1,-5.5,0.23,-8.49,0.14,-2.29,0.28,-21.11,0.15,-24.41,0.41,-15.5,0.15,-14.41,0.16,-16.47,0.22,-26,0.21,-15.4,0.12,-25.54,0.53,-16.37,0.34,-15.15
CU5,CU,KIF12_259,Cephalopholis urodeta,GC,15,Very Low,d13C,3,0.09,-14.2,0.17,-3,0.07,-8.54,0.15,-4.01,0.43,-20.48,0.05,-23.48,0.36,-14.72,0.03,-14.56,0.1,-14.78,0.12,-25.33,0.09,-13.77,0.15,-24.73,0.55,-14.29,NA,NA
CU6,CU,KIF12_343,Cephalopholis urodeta,GC,30,Very High,d13C,3,0.15,-14.83,0.08,-3.51,0.08,-8.55,0.01,-4.22,0.13,-21.12,0.05,-24.39,0.22,-14.32,0.04,-14.32,0.08,-15.64,0.23,-26.82,0.04,-14.73,0.13,-25.47,0.23,-14.95,NA,NA
CU7,CU,KIF12_457,Cephalopholis urodeta,GC,8,Medium,d13C,3,0.16,-15.66,0.14,-5.02,0.18,-8.73,0.15,-4.89,0.11,-21.66,0.07,-25.55,0.15,-15.75,0.05,-15.88,0.12,-16.82,0.42,-28.92,0.12,-15.87,0.078008547,-25.72,0.268296478,-16.33,0.173609716,-16.54
CU8,CU,KIF11_497,Cephalopholis urodeta,GC,35,Medium,d13C,3,0.015874508,-14.05,0.116001437,-2.47,0.071121961,-7.82,0.117017093,-4.34,0.076291109,-20.72,0.084387993,-24.36,0.158039025,-14.3,0.274020072,-13.98,0.050639247,-15.48,0.211028434,-27.42,0.135769412,-14.52,0.235015602,-25.21,0.408980847,-15.67,0.195341581,-14.48
CU9,CU,CEPURO024,Cephalopholis urodeta,GC,35,Medium,d13C,3,0.083530434,-14.05,0.116517524,-1.51,0.079052725,-7.73,0.099625967,-3.29,0.048644972,-20.14,0.017559423,-24.17,0.288156786,-14.26,0.163119588,-14.59,0.083524448,-15.31,0.169885255,-27.83,0.057587614,-14.49,0.046715451,-25.19,0.42294247,-15.41,0.087093819,-15.38
LB1,LB,KIF11_018,Lutjanus bohar,Pi,34,Medium,d13C,3,0.11,-13.57,0.2,-2.54,0.05,-7.62,0.21,-2.36,0.11,-20.88,0.19,-24.8,0.05,-16.19,0.23,-16.64,0.03,-15.8,0.21,-26.73,0.05,-14.53,0.21,-26.58,0.09,-15.53,0.18,-20.31
LB10,LB,LUTBOH012,Lutjanus bohar,Pi,8,Medium,d13C,3,0.13,-16.3,0.27,-1.95,0.18,-8.89,0.36,-2.91,0.19,-19.04,0.23,-24.25,0.39,-15.27,0.37,-14.14,0.28,-11.89,0.5,-25.4,0.25,-13.9,0.15,-27.11,0.28,-12.84,0.38,-14.55
LB11,LB,KIF12_130,Lutjanus bohar,Pi,30,Very High,d13C,3,0.2,-16.29,0.15,-2.27,0.15,-9.34,0.06,-4.69,0.08,-20.98,0.12,-24.87,0.17,-15.64,0.09,-15.02,0.09,-13.27,0.11,-25.34,0.1,-14.5,0.21,-26.8,0.04,-14.09,0.29,-15.42
LB12,LB,LUTBOH011,Lutjanus bohar,Pi,30,Very High,d13C,3,0.04,-15.93,0.22,-0.64,0.19,-8.5,0.14,-4.02,0.06,-20.85,0.04,-24.45,0.16,-16.26,0.07,-14.64,0.04,-13.72,0.06,-26.74,0.08,-13.77,0.16,-26.68,0.13,-13.45,0.28,-15.8
LB13,LB,LUTBOH013,Lutjanus bohar,Pi,15,Very Low,d13C,3,0.11,-15.93,0.07,-2.22,0.16,-8.85,0.18,-5.01,0.06,-20.91,0.03,-24.65,0.24,-16.6,0.03,-14.88,0.04,-13.68,0.04,-26.75,0.03,-14.31,0.13,-26.58,0.08,-13.51,0.07,-15.63
LB14,LB,LUTBOH014,Lutjanus bohar,Pi,15,Very Low,d13C,3,0.46,-16.3,0.18,-1.45,0.06,-7.43,0.43,-2.56,0.28,-20.91,0.22,-24.25,0.46,-16.39,0.32,-14.5,0.21,-13.49,0.49,-27.73,0.21,-14.57,0.19,-26.51,0.15,-13.89,0.13,-16.3
LB16,LB,KIF11_101,Lutjanus bohar,Pi,19,Very Low,d13C,3,0.06,-14.62,0.12,-1.84,0.09,-7.14,0.29,-1.09,0.13,-19.24,0.05,-23.66,0.36,-14.93,0.2,-14.73,0.29,-15.08,0.15,-28.33,0.07,-14.0624579,0.155052679,-24.75636907,0.518529009,-16.18255238,NA,NA
LB17,LB,KIF12_313,Lutjanus bohar,Pi,15,Very Low,d13C,2,0.201525433,-14.62081584,0.060811183,-0.335168581,0.069296465,-7.401265986,0.048083261,-0.317248762,0.117379726,-19.43060244,0.086267027,-24.15486708,0.201525433,-14.93400795,0.159099026,-15.25668072,0.068589358,-15.65638665,0.086974134,-28.0954744,0.143542677,-14.1572631,0.193747258,-25.51945875,0.28779246,-16.0479925,0.018384776,-14.49819112
LB2,LB,KIF11_025,Lutjanus bohar,Pi,35,Medium,d13C,3,0.09,-14.93,0.12,-4.36,0.07,-8.62,0.16,-3.72,0.04,-21.85,0.04,-24.76,0.26,-17.36,0.11,-17.83,0.11,-15.06,0.18,-25.94,0.14,-14.56,0.06,-26.7,0.08,-16.01,0.26,-20.57
LB3,LB,KIF11_444,Lutjanus bohar,Pi,8,Medium,d13C,3,0.06,-13.55,0.08,-0.5,0.05,-7.39,0.08,-2.45,0.08,-20.16,0.07,-23.91,0.08,-15.38,0.1,-16.33,0.1,-15.42,0.16,-28.06,0.19,-14.18,0.32,-25.64,0.04,-14.84,0.24,-18.92
LB4,LB,KIF11_225,Lutjanus bohar,Pi,10,Very Low,d13C,3,0.11,-14.46,0.12,-3.24,0.14,-6.52,0.12,0.95,0.32,-21.92,0.01,-24.6,0.24,-15.37,0.07,-16.6,0.06,-14.31,0.16,-27.29,0.14,-14.83,0.25,-26.38,0.22,-16.3,0.15,-19.51
LB5,LB,KIF11_344,Lutjanus bohar,Pi,10,Very Low,d13C,3,0.11,-14.54,0.36,-4.77,0.22,-7.73,0.1,-0.33,0.15,-21.28,0.01,-24.92,0.03,-15.07,0.14,-16.57,0.1,-15.32,0.03,-28.3,0.11,-15,0.05,-26.62,0.12,-16.17,0.05,-18.82
LB6,LB,KIF12_007,Lutjanus bohar,Pi,30,Very High,d13C,3,0.06,-13.61,0.15,-3.23,0.14,-8.11,0.04,-0.74,0.12,-21.57,0.13,-23.69,0.09,-14.15,0.31,-16.03,0.09,-13.98,0.46,-27.45,0.16,-13.92,0.11,-25.91,0.14,-15.76,0.27,-19.31
LB7,LB,KIF12_125,Lutjanus bohar,Pi,30,Very High,d13C,3,0.05,-14.25,0.22,-3.5,0.16,-7.94,0.07,-0.41,0.12,-20.37,0.14,-24.27,0.12,-14.48,0.24,-15.23,0.1,-14.37,0.27,-27.57,0.05,-13.81,0.07,-25.73,0.1,-15.26,0.44,-19.72
LB8,LB,KIF12_174,Lutjanus bohar,Pi,30,Very High,d13C,3,0.043863424,-12.48828251,0.090234879,-4.147522893,0.186816309,-5.77483956,0.128254954,1.851106794,0.150500277,-19.09033578,0.116322827,-22.03706891,0.494838694,-13.47535351,0.084559644,-14.19741406,0.140986997,-13.96279305,0.160032288,-23.74020773,0.076565876,-12.64704665,0.133421637,-23.65154792,0.584872636,-14.49582799,NA,NA
LB9,LB,KIF12_190,Lutjanus bohar,Pi,19,Very Low,d13C,3,0.15,-13.77,0.15,-3.12,0.04,-8.82,0.07,-0.53,0.14,-20.91,0.07,-23.91,0.22,-13.94,0.14,-17.13,0.16,-14.56,0.24,-27.58,0.07,-14.43,0.19,-26.64,0.13,-16.07,NA,NA
LF1,LF,LUTFUL019,Lutjanus fulvus,GC,Wreck,Very Low,d13C,3,0.12,-7.82,0.06,2.75,0.04,-5.02,0.08,6.29,0.11,-14.8,0.04,-17.01,0.22,-11.36,0.23,-9.26,0.07,-9.22,0.08,-20.14,0.04,-8.33,0.16,-18.64,0.29,-11.2,0.23,-11.36
LF10,LF,LUTFUL005,Lutjanus fulvus,GC,35,Medium,d13C,3,0.102050641,-13.39,0.225105161,-0.5,0.012897028,-7.25,0.173585714,-0.91,0.119692662,-19.83,0.087931792,-23.58,0.164101595,-14.52,0.089604687,-13.73,0.017776389,-14.19,0.266950058,-27.49,0.163530833,-13.85,0.37639474,-24.59,0.422354117,-15.92,0.185192692,-15.72
LF11,LF,LUTFUL002,Lutjanus fulvus,GC,30,Very High,d13C,3,0.099201814,-13.32,0.329956058,-0.78,0.214322965,-7.31,0.15577334,-0.86,0.118158086,-19.92,0.126502964,-23.76,0.041904654,-14.31,0.261825005,-14.06,0.160469104,-14.6,0.213070411,-26.39,0.276566448,-13.84,0.324074066,-24.53,0.35486946,-15.96,0.265362017,-15.09
LF12,LF,LUTFUL014,Lutjanus fulvus,GC,15,Very Low,d13C,3,0.159461594,-10.49,0.316386367,0.98,0.148956369,-6.28,0.141153581,1.95,0.115170888,-16.35,0.008144528,-19.46,0.255547125,-11.85,0.228744399,-11.3,0.030005555,-10.67,0.313516081,-22.92,0.072505172,-9.53,0.11601293,-21.11,0.600215795,-11.48,0.14608331,-12.74
LF13,LF,LUTFUL055,Lutjanus fulvus,GC,34,Medium,d13C,3,0.02454248,-10.90783806,0.04590207,0.249446804,0.090620086,-6.040004725,0.083260635,2.616795683,0.196378037,-17.96806911,0.033857545,-21.12122794,0.220509259,-12.50177553,0.017088007,-11.93328072,0.019,-12.00023049,0.186598499,-24.3360744,0.188835908,-10.82089946,0.1079645,-21.94257954,0.455427638,-11.7021772,0.384191359,-13.33310021
LF14,LF,LUTFUL062,Lutjanus fulvus,GC,27,Very High,d13C,3,0.092056142,-7.897171397,0.062147674,3.523339578,0.14695691,-5.433398118,0.122882057,4.415017905,0.126064798,-14.87673578,0.064763673,-18.10960714,0.049500842,-10.46691315,0.026057628,-9.395280723,0.087309793,-9.753984245,0.146737862,-21.8380744,0.115001449,-8.078908117,0.066214299,-19.34071329,0.024006943,-10.96408196,0.14397685,-11.9700699
LF15,LF,LUTFUL027,Lutjanus fulvus,GC,Wreck,Very Low,d13C,3,0.125285008,-9.292726953,0.067002488,2.290239345,0.140233139,-5.912377097,0.11177209,3.385684571,0.148264403,-16.44473578,0.054848276,-19.02581509,0.278943244,-12.21186727,0.069346954,-11.08728072,0.107895011,-10.28051077,0.223428587,-22.77740773,0.022715633,-8.532587771,0.182179399,-20.31220111,0.524906023,-12.15527965,0.213918988,-12.21613051
LF2,LF,LUTFUL017,Lutjanus fulvus,GC,Wreck,Very Low,d13C,3,0.12,-8.87,0.11,1.53,0.16,-5.53,0.12,4.54,0.09,-16.45,0.08,-18.71,0.16,-11.48,0.17,-10.52,0.16,-10.35,0.11,-20.14,0.04,-9.38,0.1,-20.5,0.03,-12.14,0.48,-11.83
LF3,LF,LUTFUL008,Lutjanus fulvus,GC,30,Very High,d13C,3,0.07,-9.15,0.05,0.9,0.14,-6.35,0.03,3.15,0.08,-16.35,0.05,-18.3,0.05,-11.86,0.07,-10.85,0.03,-11.14,0.08,-21.49,0.21,-9.41,0.17,-19.71,0.2,-10.91,NA,NA
LF4,LF,LUTFUL039,Lutjanus fulvus,GC,30,Very High,d13C,3,0.1,-13.05,0.13,-1.53,0.09,-7.24,0.14,-1.1,0.08,-19.69,0.08,-23.12,0.31,-14.46,0.08,-12.91,0.08,-13.83,0.26,-24.8,0.04,-12.32,0.13,-23.99,0.34,-14.27,NA,NA
LF5,LF,LUTFUL038,Lutjanus fulvus,GC,30,Very High,d13C,3,0.05,-13.53,0.08,-1.5,0.06,-7.81,0.13,-1.7,0.03,-19.68,0.09,-23.11,0.35,-14.39,0.16,-13.23,0.07,-14.31,0.18,-25.58,0.1,-12.85,0.08,-24.41,0.27,-13.79,NA,NA
LF6,LF,LUTFUL034,Lutjanus fulvus,GC,Wreck,Very Low,d13C,3,0.06,-12.85,0.12,-0.72,0.15,-7.63,0.22,-0.64,0.18,-19.9,0.12,-23.3,0.16,-14.33,0.04,-13.06,0.1,-14.03,0.29,-24.54,0.13,-12.44,0.07,-24,0.31,-13.8,NA,NA
LF7,LF,LUTFUL001,Lutjanus fulvus,GC,34,Medium,d13C,3,0.143060593,-7.57059362,0.184306809,2.094901349,0.077261461,-4.293908629,0.075447554,6.342306794,0.168968439,-14.09526911,0.046068789,-17.25150317,0.207766696,-9.973457489,0.096934686,-8.239014057,0.193345115,-8.002232494,0.143530485,-21.2904744,0.230231043,-6.764622403,0.118823398,-18.29084289,0.45488057,-9.404774602,0.321612085,-9.537585055
LF8,LF,LUTFUL009,Lutjanus fulvus,GC,8,Medium,d13C,3,0.067248296,-9.705704731,0.097811042,-0.74425949,0.190694345,-5.749614334,0.082081261,2.993862349,0.135975488,-15.88726911,0.020404248,-18.85456127,0.15575729,-9.893335165,0.1184286,-11.21434739,0.018681542,-10.11734761,0.413860282,-23.31714107,0.147869312,-8.633020671,0.170692706,-20.37637944,0.446728478,-11.57360577,0.039344631,-10.83273657
LF9,LF,LUTFUL053,Lutjanus fulvus,GC,35,Medium,d13C,3,0.162508461,-13.03548251,0.476274431,-1.178991425,0.12548041,-7.400515235,0.092251468,1.396529016,0.170429849,-20.02993578,0.094521602,-23.68575393,0.190764252,-14.76978776,0.142584478,-13.71901406,0.091656969,-14.03026052,0.167394743,-27.6624744,0.119887447,-13.02869167,0.086261231,-24.58477757,0.109357213,-15.43002713,0.24186222,-13.77213051
PO1,PO,KIF11_483,Pseudanthias olivaceus,Zp,30,Very High,d13C,3,0.17,-14.46,0.24,-8.95,0.1,-9.89,0.05,-3.51,0.03,-23.72,0.16,-26.55,0.09,-18.04,0.08,-15.6,0.1,-15.91,0.13,-24.69,0.17,-16.3,0.05,-27.06,0.14,-16.33,0.21,-17.16
PO10,PO,KIF11_569,Pseudanthias olivaceus,Zp,10,Very Low,d13C,3,0.16,-12.07,0.2,-5.99,0.05,-5.87,0.24,-2.68,0.08,-24.21,0.02,-25.51,0.4,-17.6,0.34,-17.9,0.08,-14.63,0.24,-25.22,0.03,-16.17,0.22,-27.36,0.18,-16.54,0.15,-22.87
PO11,PO,KIF11_570,Pseudanthias olivaceus,Zp,10,Very Low,d13C,3,0.06,-13.07,0.34,-6.5,0.12,-7.12,0.11,-3.64,0.1,-23.81,0.14,-25.69,0.1,-17.02,0.04,-18.42,0.09,-15.32,0.26,-24.87,0.11,-15.83,0.32,-26.89,0.06,-16.28,NA,NA
PO12,PO,KIF11_579,Pseudanthias olivaceus,Zp,8,Medium,d13C,3,0.27,-12.53,0.28,-5.06,0.1,-4.64,0.05,-0.93,0.12,-24.1,0.14,-25.05,0.43,-17.92,0.24,-17.48,0.17,-14.07,0.06,-25.14,0.05,-15.3,0.28,-26.98,0.04,-16.28,0.24,-22.24
PO13,PO,PSEOLI006,Pseudanthias olivaceus,Zp,34,Medium,d13C,3,0.12,-14.13,0.18,-6.38,0.1,-8.56,0.06,-4.58,0.24,-23.03,0.1,-25.48,0.32,-17.06,0.33,-18.39,0.05,-15.33,0.22,-25.65,0.11,-15.71,0.44,-26.36,0.01,-15.58,NA,NA
PO14,PO,PSEOLI032,Pseudanthias olivaceus,Zp,30,Very High,d13C,3,0.16,-13.61,0.19,-6.59,0.2,-8.51,0.23,-5.05,0.15,-23.65,0.13,-25.62,0.16,-17.18,0.18,-18.07,0.13,-15.38,0.28,-26.13,0.09,-16.07,0.13,-26.89,0.04,-16.07,NA,NA
PO15,PO,PSEOLI034,Pseudanthias olivaceus,Zp,30,Very High,d13C,3,0.04,-13.73,0.1,-7.02,0.09,-8.9,0.04,-4.58,0.08,-22.65,0.08,-25.3,0.38,-17.38,0.06,-17.22,0.05,-15.39,0.17,-26.18,0,-15.44,0.18,-26.57,0.15,-15.75,NA,NA
PO2,PO,KIF11_486,Pseudanthias olivaceus,Zp,30,Very High,d13C,3,0.17,-14.26,0.28,-8.22,0.06,-9.38,0.09,-3.66,0.09,-22.72,0.08,-26.15,0.26,-17.53,0.08,-15.01,0.12,-14.59,0.2,-24.93,0.16,-14.78,0.08,-26.48,0.13,-15.77,0.18,-16.69
PO3,PO,KIF11_559,Pseudanthias olivaceus,Zp,35,Medium,d13C,3,0.14,-15.4,0.22,-8.3,0.2,-9.41,0.24,-3.48,0.09,-22.82,0.09,-26.57,0.21,-17.95,0.12,-15.25,0.06,-15.07,0.07,-25.93,0.05,-15.44,0.2,-26.51,0.15,-15.91,0.12,-17.09
PO4,PO,KIF11_560,Pseudanthias olivaceus,Zp,35,Medium,d13C,3,0.06,-15.25,0.09,-7.25,0.06,-9.24,0.07,-4.63,0.08,-22.58,0.07,-25.92,0.06,-16.92,0.12,-15.12,0.13,-15.21,0.06,-26.41,0.14,-15.49,0.19,-26,0.11,-15.6,0.15,-17.22
PO5,PO,KIF11_562,Pseudanthias olivaceus,Zp,35,Medium,d13C,3,0.29,-15.78,0.22,-8.1,0.26,-11,0.09,-5.46,0.03,-23.36,0.07,-26.56,0.12,-16.94,0.19,-16.63,0.29,-17.89,0.31,-26.05,0.28,-15.81,0.12,-26.16,0.11,-15.83,0.1,-16.01
PO6,PO,PSEOLI030,Pseudanthias olivaceus,Zp,30,Very High,d13C,3,0.14,-15.11,0.14,-8.93,0.11,-10.27,0.17,-6.38,0.03,-23.21,0.03,-25.34,0.41,-16.5,0.14,-15.13,0.13,-15.31,0.01,-25.85,0.14,-15.28,0.21,-26.14,0.08,-15.45,0.04,-16.89
PO7,PO,KIF11_302,Pseudanthias olivaceus,Zp,11,Very Low,d13C,3,0.11,-14.52,0.14,-6.29,0.03,-10.11,0.03,-4.41,0.05,-23.04,0.06,-25.56,0.09,-16.24,0.06,-16.2,0.09,-15.34,0.18,-25.54,0.1,-14.56,0.11,-25.89,0.14,-14.7,0.37,-14.7
PO8,PO,KIF11_566,Pseudanthias olivaceus,Zp,10,Very Low,d13C,3,0.08,-15.52,0.14,-7.47,0.08,-9.95,0.1,-5.24,0.04,-23.59,0.13,-26.04,0.06,-16.88,0.18,-15.73,0.1,-15.21,0.1,-25.51,0.16,-15.01,0.11,-26.54,0.06,-15.15,0.2,-14.31
PO9,PO,KIF11_567,Pseudanthias olivaceus,Zp,10,Very Low,d13C,3,0.14,-14.72,0.16,-7.04,0.17,-9.69,0.22,-4.56,0.14,-23.44,0.24,-25.91,0.22,-16.52,0.09,-15.55,0.08,-15.06,0.19,-25.96,0.09,-14.4,0.07,-26.3,0.16,-14.99,0.21,-14.37
TM1,TM,KIF11_001,Ctenochaetus marginatus,De,34,Medium,d13C,3,0.05,-12.59,0.13,-6.17,0.08,-8.75,0.08,-5.93,0.22,-18.97,0.14,-20.56,0.2,-12.03,0.06,-14.83,0.03,-11.02,0.14,-22.94,0.15,-9.21,0.07,-22.13,0.02,-9.45,0.18,-13.14
TM10,TM,KIF11_138,Ctenochaetus marginatus,De,27,Very High,d13C,3,0.07,-11.51,0.08,-5.96,0.11,-8.77,0.08,-1.97,0.18,-22.62,0.07,-22.78,0.48,-14.95,0.16,-16.53,0.05,-11.28,0.11,-23.4,0.06,-11.28,0.15,-23.07,0.14,-13.1,0.3,-19.2
TM11,TM,KIF11_178,Ctenochaetus marginatus,De,35,Medium,d13C,3,0.14,-12.07,0.16,-8.33,0.03,-8.39,0.16,-3.68,0.12,-19.03,0.07,-20.74,0.09,-13.03,0.16,-15.48,0.09,-11.23,0.02,-23.01,0.19,-10.77,0.09,-21.94,0.17,-11.45,0.47,-19.84
TM12,TM,KIF11_210,Ctenochaetus marginatus,De,19,Very Low,d13C,3,0.18,-11.26,0.24,-8.28,0.11,-7.62,0.18,-3.59,0.14,-20.29,0.13,-20.75,0.11,-13.24,0.17,-16.77,0.05,-10.41,0.21,-22.89,0.03,-10.8,0.21,-22.21,0.21,-11.76,0.07,-19.91
TM13,TM,KIF11_276,Ctenochaetus marginatus,De,15,Very Low,d13C,3,0.17,-12.16,0.05,-8.82,0.23,-7.25,0.06,-3.71,0.11,-18.96,0.1,-20.88,0.34,-13.36,0.12,-16.76,0.05,-10.47,0.08,-23.07,0.13,-10.44,0.17,-21.89,0.07,-11.9,0.18,-20.95
TM14,TM,KIF11_577,Ctenochaetus marginatus,De,8,Medium,d13C,3,0.09,-12.83,0.09,-9.95,0.07,-10.47,0.18,-4.53,0.11,-20.47,0.1,-22.07,0.12,-13.91,0.14,-17.69,0.07,-12.52,0.43,-23.98,0.22,-12.2,0.23,-22.61,0.1,-12.7,NA,NA
TM15,TM,KIF12_134,Ctenochaetus marginatus,De,30,Very High,d13C,3,0.25,-12.78,0.21,-8.8,0.29,-7.29,0.15,-1.43,0.27,-20.93,0.27,-21.72,0.17,-14.41,0.06,-15.71,0.16,-10.41,0.04,-24.24,0.01,-11.1,0.05,-22.75,0.11,-12.8,0.17,-20.97
TM2,TM,KIF11_002,Ctenochaetus marginatus,De,34,Medium,d13C,3,0.07,-13.01,0.11,-7.48,0.15,-8.61,0.04,-6.33,0.18,-18.7,0.02,-20.86,0.17,-13.41,0.1,-14.53,0.04,-10.74,NA,NA,0.09,-9.85,0.12,-22.12,0.1,-10.11,0.03,-17.18
TM3,TM,KIF11_099,Ctenochaetus marginatus,De,35,Medium,d13C,3,0.04,-12.39,0.27,-5.85,0.19,-8.17,0.28,-5.78,0.08,-18.44,0.12,-20.69,0.13,-13.63,0.11,-14.06,0.09,-10.91,NA,NA,0.27,-8.85,0.26,-21.46,0.08,-9.67,0.13,-13.64
TM4,TM,KIF11_055,Ctenochaetus marginatus,De,27,Very High,d13C,3,0.09,-10.15,0.02,-5.81,0.13,-5.63,0.1,-2.03,0.12,-17.25,0.09,-19.88,0.11,-12.28,0.12,-13.61,0.05,-8.83,0.08,-18.3,0.13,-8.76,0.25,-19.59,0.14,-10.05,0.3,-17
TM5,TM,KIF11_104,Ctenochaetus marginatus,De,15,Very Low,d13C,3,0.1,-11.04,0.07,-7.19,0.16,-8.32,0.13,-4.27,0.07,-17.9,0.14,-21.1,0.15,-14.68,0.04,-15.08,0.06,-11.88,0.49,-21.95,0.13,-10.73,0.17,-21.88,0.15,-11.14,0.26,-16.6
TM6,TM,KIF11_117,Ctenochaetus marginatus,De,27,Very High,d13C,3,0.1,-10.71,0.11,-7.3,0.06,-6.22,0.04,-2.11,0.05,-17.86,0.07,-20.86,0.15,-11.79,0.14,-12.59,0.24,-10.34,0.04,-20.21,0.07,-8.44,0.2,-20.09,0.24,-9.68,0.38,-15.72
TM7,TM,KIF11_136,Ctenochaetus marginatus,De,27,Very High,d13C,3,0.03,-10.4,0.12,-7.3,0.13,-6.73,0.18,-1.83,0.1,-18.47,0.08,-20,0.16,-12.27,0.13,-14.08,0.05,-8.96,0.1,-20.07,0.08,-9,0.17,-20.43,0,-10.86,0.19,-17.79
TM8,TM,KIF11_177,Ctenochaetus marginatus,De,15,Very Low,d13C,3,0.1,-11.93,0.21,-9.13,0,-7.87,0.05,-3.8,0.17,-18.45,0.03,-20.38,0.24,-13.38,0.09,-14.22,0.06,-10.64,0.16,-21.16,0.17,-10.96,0.05,-21.69,0.01,-11.05,0.18,-17.37
TM9,TM,KIF11_208,Ctenochaetus marginatus,De,19,Very Low,d13C,3,0.1,-10.96,0.17,-7.66,0.04,-7.4,0.16,-3.43,0.07,-18.58,0.09,-20.01,0.05,-14.08,0.13,-13.47,0.14,-9.49,0.23,-20.61,0.16,-9.05,0.02,-21.57,0.12,-10.55,0.27,-16.08