fish_code,species_code,id,sci_name,group,site,dist_cat,wgt_g,tot_len_mm,std_len_mm,isotope,n_inj,Ala_SD,Ala,Gly_SD,Gly,Thr_SD,Thr,Ser_SD,Ser,Val_SD,Val,Leu_SD,Leu,Ile_SD,Ile,Pro_SD,Pro,Asp_SD,Asp,Met_SD,Met,Glu_SD,Glu,Phe_SD,Phe,Lys_SD,Lys,Arg_SD,Arg
LF1,LF,LUTFUL019,Lutjanus fulvus,GC,Wreck,Very Low,77,173,135,d13C,3,0.12,-7.82,0.06,2.75,0.04,-5.02,0.08,6.29,0.11,-14.8,0.04,-17.01,0.22,-11.36,0.23,-9.26,0.07,-9.22,0.08,-20.14,0.04,-8.33,0.16,-18.64,0.29,-11.2,0.23,-11.36
LF2,LF,LUTFUL017,Lutjanus fulvus,GC,Wreck,Very Low,144,211,167,d13C,3,0.12,-8.87,0.11,1.53,0.16,-5.53,0.12,4.54,0.09,-16.45,0.08,-18.71,0.16,-11.48,0.17,-10.52,0.16,-10.35,0.11,-20.14,0.04,-9.38,0.1,-20.5,0.03,-12.14,0.48,-11.83
LF3,LF,LUTFUL008,Lutjanus fulvus,GC,30,Very High,99,181,133,d13C,3,0.07,-9.15,0.05,0.9,0.14,-6.35,0.03,3.15,0.08,-16.35,0.05,-18.3,0.05,-11.86,0.07,-10.85,0.03,-11.14,0.08,-21.49,0.21,-9.41,0.17,-19.71,0.2,-10.91,NA,NA
LF4,LF,LUTFUL039,Lutjanus fulvus,GC,30,Very High,172,218,169,d13C,3,0.1,-13.05,0.13,-1.53,0.09,-7.24,0.14,-1.1,0.08,-19.69,0.08,-23.12,0.31,-14.46,0.08,-12.91,0.08,-13.83,0.26,-24.8,0.04,-12.32,0.13,-23.99,0.34,-14.27,NA,NA
LF5,LF,LUTFUL038,Lutjanus fulvus,GC,30,Very High,298,269,213,d13C,3,0.05,-13.53,0.08,-1.5,0.06,-7.81,0.13,-1.7,0.03,-19.68,0.09,-23.11,0.35,-14.39,0.16,-13.23,0.07,-14.31,0.18,-25.58,0.1,-12.85,0.08,-24.41,0.27,-13.79,NA,NA
LF6,LF,LUTFUL034,Lutjanus fulvus,GC,Wreck,Very Low,205,236,180,d13C,3,0.06,-12.85,0.12,-0.72,0.15,-7.63,0.22,-0.64,0.18,-19.9,0.12,-23.3,0.16,-14.33,0.04,-13.06,0.1,-14.03,0.29,-24.54,0.13,-12.44,0.07,-24,0.31,-13.8,NA,NA
LF7,LF,LUTFUL001,Lutjanus fulvus,GC,34,Medium,150,203,158,d13C,3,0.143060593,-7.57059362,0.184306809,2.094901349,0.077261461,-4.293908629,0.075447554,6.342306794,0.168968439,-14.09526911,0.046068789,-17.25150317,0.207766696,-9.973457489,0.096934686,-8.239014057,0.193345115,-8.002232494,0.143530485,-21.2904744,0.230231043,-6.764622403,0.118823398,-18.29084289,0.45488057,-9.404774602,0.321612085,-9.537585055
LF8,LF,LUTFUL009,Lutjanus fulvus,GC,8,Medium,243,246,185,d13C,3,0.067248296,-9.705704731,0.097811042,-0.74425949,0.190694345,-5.749614334,0.082081261,2.993862349,0.135975488,-15.88726911,0.020404248,-18.85456127,0.15575729,-9.893335165,0.1184286,-11.21434739,0.018681542,-10.11734761,0.413860282,-23.31714107,0.147869312,-8.633020671,0.170692706,-20.37637944,0.446728478,-11.57360577,0.039344631,-10.83273657
LF9,LF,LUTFUL053,Lutjanus fulvus,GC,35,Medium,277,275,215,d13C,3,0.162508461,-13.03548251,0.476274431,-1.178991425,0.12548041,-7.400515235,0.092251468,1.396529016,0.170429849,-20.02993578,0.094521602,-23.68575393,0.190764252,-14.76978776,0.142584478,-13.71901406,0.091656969,-14.03026052,0.167394743,-27.6624744,0.119887447,-13.02869167,0.086261231,-24.58477757,0.109357213,-15.43002713,0.24186222,-13.77213051
LF10,LF,LUTFUL005,Lutjanus fulvus,GC,35,Medium,287,254,194,d13C,3,0.102050641,-13.39,0.225105161,-0.5,0.012897028,-7.25,0.173585714,-0.91,0.119692662,-19.83,0.087931792,-23.58,0.164101595,-14.52,0.089604687,-13.73,0.017776389,-14.19,0.266950058,-27.49,0.163530833,-13.85,0.37639474,-24.59,0.422354117,-15.92,0.185192692,-15.72
LF11,LF,LUTFUL002,Lutjanus fulvus,GC,30,Very High,187,245,192,d13C,3,0.099201814,-13.32,0.329956058,-0.78,0.214322965,-7.31,0.15577334,-0.86,0.118158086,-19.92,0.126502964,-23.76,0.041904654,-14.31,0.261825005,-14.06,0.160469104,-14.6,0.213070411,-26.39,0.276566448,-13.84,0.324074066,-24.53,0.35486946,-15.96,0.265362017,-15.09
LF12,LF,LUTFUL014,Lutjanus fulvus,GC,15,Very Low,212,223,171,d13C,3,0.159461594,-10.49,0.316386367,0.98,0.148956369,-6.28,0.141153581,1.95,0.115170888,-16.35,0.008144528,-19.46,0.255547125,-11.85,0.228744399,-11.3,0.030005555,-10.67,0.313516081,-22.92,0.072505172,-9.53,0.11601293,-21.11,0.600215795,-11.48,0.14608331,-12.74
LF13,LF,LUTFUL055,Lutjanus fulvus,GC,34,Medium,157.4,226,187,d13C,3,0.02454248,-10.90783806,0.04590207,0.249446804,0.090620086,-6.040004725,0.083260635,2.616795683,0.196378037,-17.96806911,0.033857545,-21.12122794,0.220509259,-12.50177553,0.017088007,-11.93328072,0.019,-12.00023049,0.186598499,-24.3360744,0.188835908,-10.82089946,0.1079645,-21.94257954,0.455427638,-11.7021772,0.384191359,-13.33310021
LF14,LF,LUTFUL062,Lutjanus fulvus,GC,27,Very High,100.2,195,155,d13C,3,0.092056142,-7.897171397,0.062147674,3.523339578,0.14695691,-5.433398118,0.122882057,4.415017905,0.126064798,-14.87673578,0.064763673,-18.10960714,0.049500842,-10.46691315,0.026057628,-9.395280723,0.087309793,-9.753984245,0.146737862,-21.8380744,0.115001449,-8.078908117,0.066214299,-19.34071329,0.024006943,-10.96408196,0.14397685,-11.9700699
LF15,LF,LUTFUL027,Lutjanus fulvus,GC,Wreck,Very Low,114,194,148,d13C,3,0.125285008,-9.292726953,0.067002488,2.290239345,0.140233139,-5.912377097,0.11177209,3.385684571,0.148264403,-16.44473578,0.054848276,-19.02581509,0.278943244,-12.21186727,0.069346954,-11.08728072,0.107895011,-10.28051077,0.223428587,-22.77740773,0.022715633,-8.532587771,0.182179399,-20.31220111,0.524906023,-12.15527965,0.213918988,-12.21613051